"Date","Simple Date","Outdoor Temperature (°C)","Feels Like (°C)","Dew Point (°C)","Wind Speed (km/hr)","Wind Gust (km/hr)","Max Daily Gust (km/hr)","Wind Direction (°)","Rain Rate (mm/hr)","Event Rain (mm)","Daily Rain (mm)","Weekly Rain (mm)","Monthly Rain (mm)","Total Rain (mm)","Relative Pressure (hPa)","Humidity (%)","Ultra-Violet Radiation Index","Solar Radiation (W/m^2)","Indoor Temperature (°C)","Indoor Humidity (%)","Absolute Pressure (hPa)","Outdoor Battery","CO2 battery","Indoor Feels Like (°C)","Indoor Dew Point (°C)"
2025-01-31T23:55:00+05:30,2025-01-31 23:55:00,21.9,22.7,21.7,0,0,27.7,45,0,28.9,6.8,28.9,28.9,178.5,1015,99,0,0,22.7,88,930.5,1,1,23.3,20.6
2025-01-31T23:50:00+05:30,2025-01-31 23:50:00,21.9,22.7,21.7,4.7,7.2,27.7,58,0,28.9,6.8,28.9,28.9,178.5,1015.2,99,0,0,22.7,88,930.7,1,1,23.3,20.6
2025-01-31T23:45:00+05:30,2025-01-31 23:45:00,21.9,22.7,21.7,0,0,27.7,71,0,28.9,6.8,28.9,28.9,178.5,1014.8,99,0,0,22.8,88,930.3,1,1,23.4,20.7
2025-01-31T23:40:00+05:30,2025-01-31 23:40:00,22,22.8,21.8,0,0,27.7,115,0,28.9,6.8,28.9,28.9,178.5,1015,99,0,0,22.8,88,930.5,1,1,23.4,20.7
2025-01-31T23:35:00+05:30,2025-01-31 23:35:00,22,22.8,21.8,0,0,27.7,71,0,28.9,6.8,28.9,28.9,178.5,1015.1,99,0,0,22.9,88,930.6,1,1,23.6,20.8
2025-01-31T23:30:00+05:30,2025-01-31 23:30:00,22.1,23,21.9,0.6,3.5,27.7,88,0,28.9,6.8,28.9,28.9,178.5,1015.2,99,0,0,22.8,88,930.7,1,1,23.4,20.7
2025-01-31T23:25:00+05:30,2025-01-31 23:25:00,22,22.8,21.8,8.2,14.8,27.7,53,0,28.9,6.8,28.9,28.9,178.5,1015.4,99,0,0,22.8,88,930.9,1,1,23.4,20.7
2025-01-31T23:20:00+05:30,2025-01-31 23:20:00,22.1,23,21.9,4.7,13,27.7,170,0,28.9,6.8,28.9,28.9,178.5,1015,99,0,0,22.9,88,930.5,1,1,23.6,20.8
2025-01-31T23:15:00+05:30,2025-01-31 23:15:00,22.1,23,21.9,4.7,7.2,27.7,15,0,28.9,6.8,28.9,28.9,178.5,1015.2,99,0,0,22.9,88,930.7,1,1,23.6,20.8
2025-01-31T23:10:00+05:30,2025-01-31 23:10:00,22,22.8,21.8,1.4,3.5,27.7,65,0,28.9,6.8,28.9,28.9,178.5,1015.2,99,0,0,22.8,88,930.7,1,1,23.4,20.7
2025-01-31T23:05:00+05:30,2025-01-31 23:05:00,22,22.8,21.8,6.1,11.1,27.7,171,0,28.9,6.8,28.9,28.9,178.5,1015.3,99,0,0,22.9,88,930.8,1,1,23.6,20.8
2025-01-31T23:00:00+05:30,2025-01-31 23:00:00,22,22.8,21.8,6.4,9.3,27.7,37,0,28.9,6.8,28.9,28.9,178.5,1015.4,99,0,0,22.9,88,930.9,1,1,23.6,20.8
2025-01-31T22:55:00+05:30,2025-01-31 22:55:00,22,22.8,21.8,6.1,11.1,27.7,95,0,28.9,6.8,28.9,28.9,178.5,1015.5,99,0,0,22.9,88,931,1,1,23.6,20.8
2025-01-31T22:50:00+05:30,2025-01-31 22:50:00,22,22.8,21.8,0,0,27.7,63,0,28.9,6.8,28.9,28.9,178.5,1015.4,99,0,0,22.9,88,930.9,1,1,23.6,20.8
2025-01-31T22:45:00+05:30,2025-01-31 22:45:00,22,22.8,21.8,0,0,27.7,207,0,28.9,6.8,28.9,28.9,178.5,1015.4,99,0,0,22.9,88,930.9,1,1,23.6,20.8
2025-01-31T22:40:00+05:30,2025-01-31 22:40:00,22.1,23,21.9,0,0,27.7,56,0,28.9,6.8,28.9,28.9,178.5,1015.6,99,0,0,22.9,88,931.1,1,1,23.6,20.8
2025-01-31T22:35:00+05:30,2025-01-31 22:35:00,22.1,23,21.9,7.9,11.1,27.7,64,0,28.9,6.8,28.9,28.9,178.5,1015.4,99,0,0,22.9,88,930.9,1,1,23.6,20.8
2025-01-31T22:30:00+05:30,2025-01-31 22:30:00,22.2,23.1,22.1,0,0,27.7,57,0,28.9,6.8,28.9,28.9,178.5,1015.6,99,0,0,23,88,931.1,1,1,23.7,20.9
2025-01-31T22:25:00+05:30,2025-01-31 22:25:00,22.1,23,21.9,0,0,27.7,67,0,28.9,6.8,28.9,28.9,178.5,1015.6,99,0,0,22.9,88,931.1,1,1,23.6,20.8
2025-01-31T22:20:00+05:30,2025-01-31 22:20:00,22.2,23.1,22.1,9.7,13,27.7,66,0,28.9,6.8,28.9,28.9,178.5,1015.6,99,0,0,22.9,88,931.1,1,1,23.6,20.8
2025-01-31T22:15:00+05:30,2025-01-31 22:15:00,22.3,23.1,22.1,0,0,27.7,359,0,28.9,6.8,28.9,28.9,178.5,1015.5,99,0,0,22.9,88,931,1,1,23.6,20.8
2025-01-31T22:10:00+05:30,2025-01-31 22:10:00,22.2,23.1,22.1,0,0,27.7,81,0,28.9,6.8,28.9,28.9,178.5,1015.3,99,0,0,23,88,930.8,1,1,23.7,20.9
2025-01-31T22:05:00+05:30,2025-01-31 22:05:00,22.1,23,21.9,7.6,9.3,27.7,261,0,28.9,6.8,28.9,28.9,178.5,1015.4,99,0,0,23,88,930.9,1,1,23.7,20.9
2025-01-31T22:00:00+05:30,2025-01-31 22:00:00,22.2,23.1,22.1,0,0,27.7,55,0,28.9,6.8,28.9,28.9,178.5,1015.5,99,0,0,23.1,88,931,1,1,23.8,21
2025-01-31T21:55:00+05:30,2025-01-31 21:55:00,22.2,23.1,22.1,0,0,27.7,168,0,28.9,6.8,28.9,28.9,178.5,1015.3,99,0,0,23.1,88,930.8,1,1,23.8,21
2025-01-31T21:50:00+05:30,2025-01-31 21:50:00,22.2,23.1,22.1,0,0,27.7,72,0,28.9,6.8,28.9,28.9,178.5,1015.5,99,0,0,23.1,88,931,1,1,23.8,21
2025-01-31T21:45:00+05:30,2025-01-31 21:45:00,22.1,23,21.9,0,0,27.7,95,0,28.9,6.8,28.9,28.9,178.5,1015.4,99,0,0,23,88,930.9,1,1,23.7,20.9
2025-01-31T21:40:00+05:30,2025-01-31 21:40:00,22.1,23,21.9,1.1,1.8,27.7,83,0,28.9,6.8,28.9,28.9,178.5,1015.7,99,0,0,23,88,931.2,1,1,23.7,20.9
2025-01-31T21:35:00+05:30,2025-01-31 21:35:00,22.1,23,21.9,1.1,1.8,27.7,69,0,28.9,6.8,28.9,28.9,178.5,1015.3,99,0,0,23,88,930.8,1,1,23.7,20.9
2025-01-31T21:30:00+05:30,2025-01-31 21:30:00,22.2,23.1,22.1,0,0,27.7,58,0,28.9,6.8,28.9,28.9,178.5,1015.2,99,0,0,23,88,930.7,1,1,23.7,20.9
2025-01-31T21:25:00+05:30,2025-01-31 21:25:00,22.2,23.1,22.1,0,0,27.7,74,0,28.9,6.8,28.9,28.9,178.5,1015.2,99,0,0,23,88,930.7,1,1,23.7,20.9
2025-01-31T21:21:00+05:30,2025-01-31 21:21:00,22.2,23.1,22.1,0,0,27.7,42,0,28.9,6.8,28.9,28.9,178.5,1015,99,0,0,23,88,930.5,1,1,23.7,20.9
2025-01-31T21:15:00+05:30,2025-01-31 21:15:00,22.3,23.1,22.1,0,0,27.7,75,0,28.9,6.8,28.9,28.9,178.5,1015.2,99,0,0,23,88,930.7,1,1,23.7,20.9
2025-01-31T21:10:00+05:30,2025-01-31 21:10:00,22.4,23.3,22.2,7.9,9.3,27.7,26,0,28.9,6.8,28.9,28.9,178.5,1015.2,99,0,0,23.1,88,930.7,1,1,23.8,21
2025-01-31T21:05:00+05:30,2025-01-31 21:05:00,22.4,23.3,22.2,0,0,27.7,67,0,28.9,6.8,28.9,28.9,178.5,1015,99,0,0,23.1,88,930.5,1,1,23.8,21
2025-01-31T21:00:00+05:30,2025-01-31 21:00:00,22.4,23.2,22.1,0,0,27.7,70,0,28.9,6.8,28.9,28.9,178.5,1014.8,98,0,0,23.1,88,930.3,1,1,23.8,21
2025-01-31T20:55:00+05:30,2025-01-31 20:55:00,22.3,23.1,21.9,0,0,27.7,63,0,28.9,6.8,28.9,28.9,178.5,1014.6,98,0,0,23.1,88,930.1,1,1,23.8,21
2025-01-31T20:50:00+05:30,2025-01-31 20:50:00,22.2,23.1,22.1,5,7.2,27.7,56,0,28.9,6.8,28.9,28.9,178.5,1014.8,99,0,0,23.1,88,930.3,1,1,23.8,21
2025-01-31T20:45:00+05:30,2025-01-31 20:45:00,22.4,23.3,22.2,0,0,27.7,294,0,28.9,6.8,28.9,28.9,178.5,1014.7,99,0,0,23.1,88,930.2,1,1,23.8,21
2025-01-31T20:40:00+05:30,2025-01-31 20:40:00,22.4,23.3,22.2,0,0,27.7,77,0,28.9,6.8,28.9,28.9,178.5,1014.8,99,0,0,23.2,88,930.3,1,1,23.9,21.1
2025-01-31T20:35:00+05:30,2025-01-31 20:35:00,22.3,23.1,22.1,1.1,1.8,27.7,63,0,28.9,6.8,28.9,28.9,178.5,1014.6,99,0,0,23.2,88,930.1,1,1,23.9,21.1
2025-01-31T20:30:00+05:30,2025-01-31 20:30:00,22.4,23.3,22.2,1.4,3.5,27.7,63,0,28.9,6.8,28.9,28.9,178.5,1014.8,99,0,0,23.1,88,930.3,1,1,23.8,21
2025-01-31T20:25:00+05:30,2025-01-31 20:25:00,22.5,23.4,22.3,3.5,5.5,27.7,137,0,28.9,6.8,28.9,28.9,178.5,1014.6,99,0,0,23.2,88,930.1,1,1,23.9,21.1
2025-01-31T20:20:00+05:30,2025-01-31 20:20:00,22.6,23.5,22.4,0,0,27.7,77,0,28.9,6.8,28.9,28.9,178.5,1014.7,99,0,0,23.2,88,930.2,1,1,23.9,21.1
2025-01-31T20:15:00+05:30,2025-01-31 20:15:00,22.6,23.5,22.3,2.9,5.5,27.7,146,0,28.9,6.8,28.9,28.9,178.5,1014.8,98,0,0,23.1,88,930.3,1,1,23.8,21
2025-01-31T20:10:00+05:30,2025-01-31 20:10:00,22.5,23.4,22.3,0.3,1.8,27.7,80,0,28.9,6.8,28.9,28.9,178.5,1014.4,99,0,0,23.2,88,929.9,1,1,23.9,21.1
2025-01-31T20:05:00+05:30,2025-01-31 20:05:00,22.5,23.4,22.3,2.9,3.5,27.7,60,0,28.9,6.8,28.9,28.9,178.5,1014.4,99,0,0,23.3,88,929.9,1,1,23.9,21.2
2025-01-31T20:00:00+05:30,2025-01-31 20:00:00,22.6,23.5,22.3,2.1,3.5,27.7,109,0,28.9,6.8,28.9,28.9,178.5,1014.4,98,0,0,23.3,87,929.9,1,1,23.9,21
2025-01-31T19:55:00+05:30,2025-01-31 19:55:00,22.6,23.5,22.3,4.7,7.2,27.7,87,0,28.9,6.8,28.9,28.9,178.5,1014.3,98,0,0,23.3,88,929.8,1,1,23.9,21.2
2025-01-31T19:50:00+05:30,2025-01-31 19:50:00,22.6,23.5,22.1,2.1,3.5,27.7,149,0,28.9,6.8,28.9,28.9,178.5,1014.4,97,0,0,23.3,87,929.9,1,1,23.9,21
2025-01-31T19:45:00+05:30,2025-01-31 19:45:00,22.7,23.6,22.4,4,5.5,27.7,215,0,28.9,6.8,28.9,28.9,178.5,1014.2,98,0,0,23.3,87,929.7,1,1,23.9,21
2025-01-31T19:40:00+05:30,2025-01-31 19:40:00,22.7,23.6,22,6.4,11.1,27.7,56,0,28.9,6.8,28.9,28.9,178.5,1014.4,96,0,0,23.3,88,929.9,1,1,23.9,21.2
2025-01-31T19:35:00+05:30,2025-01-31 19:35:00,22.6,23.5,22.1,5,5.5,27.7,220,0,28.9,6.8,28.9,28.9,178.5,1014.5,97,0,0,23.4,88,930,1,1,24.1,21.3
2025-01-31T19:30:00+05:30,2025-01-31 19:30:00,22.5,23.4,22.2,2.6,11.1,27.7,187,0,28.9,6.8,28.9,28.9,178.5,1014.1,98,0,0,23.4,88,929.6,1,1,24.1,21.3
2025-01-31T19:25:00+05:30,2025-01-31 19:25:00,22.6,23.5,22.3,3.5,7.2,27.7,93,0,28.9,6.8,28.9,28.9,178.5,1014.1,98,0,0,23.4,88,929.6,1,1,24.1,21.3
2025-01-31T19:20:00+05:30,2025-01-31 19:20:00,22.7,23.6,22.6,6.1,7.2,27.7,66,0,28.9,6.8,28.9,28.9,178.5,1014,99,0,0,23.4,88,929.5,1,1,24.1,21.3
2025-01-31T19:15:00+05:30,2025-01-31 19:15:00,22.5,23.4,22.2,0,0,27.7,46,0,28.9,6.8,28.9,28.9,178.5,1014,98,0,0,23.3,88,929.5,1,1,23.9,21.2
2025-01-31T19:10:00+05:30,2025-01-31 19:10:00,22.6,23.5,22.4,0,0,27.7,72,0,28.9,6.8,28.9,28.9,178.5,1014,99,0,0,23.4,87,929.5,1,1,24.1,21.1
2025-01-31T19:05:00+05:30,2025-01-31 19:05:00,22.6,23.5,22.3,0,0,27.7,68,0,28.9,6.8,28.9,28.9,178.5,1014.1,98,0,0,23.4,87,929.6,1,1,24.1,21.1
2025-01-31T19:00:00+05:30,2025-01-31 19:00:00,22.7,23.6,22.4,0,0,27.7,79,0,28.9,6.8,28.9,28.9,178.5,1013.8,98,0,0,23.4,87,929.3,1,1,24.1,21.1
2025-01-31T18:55:00+05:30,2025-01-31 18:55:00,22.6,23.5,22.3,4.7,7.2,27.7,54,0,28.9,6.8,28.9,28.9,178.5,1013.6,98,0,0,23.4,87,929.1,1,1,24.1,21.1
2025-01-31T18:50:00+05:30,2025-01-31 18:50:00,22.6,23.5,22.3,0,0,27.7,65,0,28.9,6.8,28.9,28.9,178.5,1013.7,98,0,0,23.4,87,929.2,1,1,24.1,21.1
2025-01-31T18:45:00+05:30,2025-01-31 18:45:00,22.8,23.6,22.3,1.4,1.8,27.7,54,1.2,28.9,6.8,28.9,28.9,178.5,1013.5,97,0,0,23.5,87,929,1,1,24.2,21.2
2025-01-31T18:40:00+05:30,2025-01-31 18:40:00,22.9,23.7,22.2,4.3,7.2,27.7,85,1.2,28.9,6.8,28.9,28.9,178.5,1013.9,96,0,0,23.5,87,929.4,1,1,24.2,21.2
2025-01-31T18:35:00+05:30,2025-01-31 18:35:00,22.9,23.7,22,1.8,1.8,27.7,74,0,28.7,6.6,28.7,28.7,178.3,1013.5,95,0,0,23.5,87,929,1,1,24.2,21.2
2025-01-31T18:30:00+05:30,2025-01-31 18:30:00,23,23.8,22.2,1.4,3.5,27.7,139,0,28.7,6.6,28.7,28.7,178.3,1013.5,95,0,0,23.5,87,929,1,1,24.2,21.2
2025-01-31T18:25:00+05:30,2025-01-31 18:25:00,23.1,23.9,22.1,0.3,1.8,27.7,70,0,28.7,6.6,28.7,28.7,178.3,1013.6,94,0,0,23.5,87,929.1,1,1,24.2,21.2
2025-01-31T18:20:00+05:30,2025-01-31 18:20:00,23,23.8,22,0,0,27.7,69,0,28.7,6.6,28.7,28.7,178.3,1013.8,94,0,0,23.5,87,929.3,1,1,24.2,21.2
2025-01-31T18:15:00+05:30,2025-01-31 18:15:00,22.8,23.6,21.9,5.5,9.3,27.7,122,0,28.7,6.6,28.7,28.7,178.3,1013.7,95,0,0,23.5,88,929.2,1,1,24.2,21.4
2025-01-31T18:10:00+05:30,2025-01-31 18:10:00,22.7,23.6,22,2.1,3.5,27.7,47,0,28.7,6.6,28.7,28.7,178.3,1013.6,96,0,1.2,23.5,88,929.1,1,1,24.2,21.4
2025-01-31T18:05:00+05:30,2025-01-31 18:05:00,22.7,23.6,22,5.5,7.2,27.7,61,0,28.7,6.6,28.7,28.7,178.3,1013.4,96,0,3.8,23.5,88,928.9,1,1,24.2,21.4
2025-01-31T18:00:00+05:30,2025-01-31 18:00:00,22.9,23.8,22.4,3.5,3.5,27.7,29,0,28.7,6.6,28.7,28.7,178.3,1013.4,97,0,5.1,23.5,88,928.9,1,1,24.2,21.4
2025-01-31T17:54:00+05:30,2025-01-31 17:54:00,23,23.8,22.2,2.1,3.5,27.7,62,0,28.7,6.6,28.7,28.7,178.3,1013.2,95,0,8.6,23.5,88,928.7,1,1,24.2,21.4
2025-01-31T17:35:00+05:30,2025-01-31 17:35:00,23.5,24.4,22.5,2.1,3.5,27.7,84,0,28.7,6.6,28.7,28.7,178.3,1012.7,94,0,17.7,23.5,88,928.2,1,1,24.2,21.4
2025-01-31T17:32:00+05:30,2025-01-31 17:32:00,23.6,24.5,22.4,2.9,7.2,27.7,324,0,28.7,6.6,28.7,28.7,178.3,1013.1,93,0,29.9,23.5,88,928.6,1,1,24.2,21.4
2025-01-31T17:05:00+05:30,2025-01-31 17:05:00,23.9,24.8,23.2,3.5,5.5,27.7,57,0,28.7,6.6,28.7,28.7,178.3,1012.7,96,1,175.2,23.9,89,928.2,1,1,24.7,21.9
2025-01-31T17:00:00+05:30,2025-01-31 17:00:00,24.1,25.1,23.3,8.7,13,27.7,85,0,28.7,6.6,28.7,28.7,178.3,1012.8,95,1,125.3,23.9,89,928.3,1,1,24.7,21.9
2025-01-31T16:55:00+05:30,2025-01-31 16:55:00,23.8,24.7,23.1,2.6,3.5,27.7,56,0,28.7,6.6,28.7,28.7,178.3,1012.9,96,3,363.1,23.9,89,928.4,1,1,24.7,21.9
2025-01-31T16:50:00+05:30,2025-01-31 16:50:00,23.7,24.7,23.4,4,5.5,27.7,189,1.8,28.7,6.6,28.7,28.7,178.3,1012.7,98,1,179.9,23.9,89,928.2,1,1,24.7,21.9
2025-01-31T16:45:00+05:30,2025-01-31 16:45:00,24,25,23.5,3.2,5.5,27.7,66,1.8,28.7,6.6,28.7,28.7,178.3,1012.5,97,1,116.6,23.9,89,928,1,1,24.7,21.9
2025-01-31T16:40:00+05:30,2025-01-31 16:40:00,24.3,25.3,23.6,2.1,5.5,27.7,68,1.2,28.4,6.3,28.4,28.4,178,1012.4,96,0,84.5,24,89,927.9,1,1,24.8,22.1
2025-01-31T16:35:00+05:30,2025-01-31 16:35:00,24.4,25.4,23.5,0.3,1.8,27.7,93,1.2,28.4,6.3,28.4,28.4,178,1012.5,95,3,315.4,23.9,89,928,1,1,24.7,21.9
2025-01-31T16:30:00+05:30,2025-01-31 16:30:00,24.5,25.5,24,0.3,1.8,27.7,61,0,28.2,6.1,28.2,28.2,177.8,1012.4,97,4,452,23.9,89,927.9,1,1,24.7,21.9
2025-01-31T16:25:00+05:30,2025-01-31 16:25:00,24,25,23.8,0,0,27.7,70,0,28.2,6.1,28.2,28.2,177.8,1012.6,99,4,427.2,24,88,928.1,1,1,24.8,21.9
2025-01-31T16:20:00+05:30,2025-01-31 16:20:00,23.5,24.5,23.2,3.5,5.5,27.7,77,0,28.2,6.1,28.2,28.2,177.8,1012.6,98,4,441.1,23.9,88,928.1,1,1,24.6,21.8
2025-01-31T16:15:00+05:30,2025-01-31 16:15:00,23.5,24.4,23,3.2,3.5,27.7,69,10.8,28.2,6.1,28.2,28.2,177.8,1012.7,97,1,148.3,24,88,928.2,1,1,24.8,21.9
2025-01-31T16:10:00+05:30,2025-01-31 16:10:00,24.1,25,22.9,5.8,7.2,27.7,60,10.8,28.2,6.1,28.2,28.2,177.8,1012.9,93,2,204.3,24,88,928.4,1,1,24.8,21.9
2025-01-31T16:05:00+05:30,2025-01-31 16:05:00,25.1,26,23.4,5.8,7.2,27.7,100,0,26.4,4.3,26.4,26.4,176,1012.5,90,1,113.7,24.1,88,928,1,1,24.9,22
2025-01-31T16:00:00+05:30,2025-01-31 16:00:00,24.8,25.7,23.4,2.6,3.5,27.7,75,0,26.4,4.3,26.4,26.4,176,1012.6,92,3,357.3,24,88,928.1,1,1,24.8,21.9
2025-01-31T15:55:00+05:30,2025-01-31 15:55:00,24.6,25.5,23,4.7,7.2,27.7,89,0,26.4,4.3,26.4,26.4,176,1012.7,91,2,261.1,24,88,928.2,1,1,24.8,21.9
2025-01-31T15:50:00+05:30,2025-01-31 15:50:00,24.5,25.4,22.9,3.5,3.5,27.7,83,0,26.4,4.3,26.4,26.4,176,1012.2,91,1,114.5,24,88,927.7,1,1,24.8,21.9
2025-01-31T15:45:00+05:30,2025-01-31 15:45:00,24.8,25.7,23.4,0,0,27.7,65,0,26.4,4.3,26.4,26.4,176,1012.7,92,1,127.1,24,89,928.2,1,1,24.8,22.1
2025-01-31T15:40:00+05:30,2025-01-31 15:40:00,24.8,25.7,23.4,0,0,27.7,49,0,26.4,4.3,26.4,26.4,176,1012.4,92,1,106.2,24,89,927.9,1,1,24.8,22.1
2025-01-31T15:35:00+05:30,2025-01-31 15:35:00,24.5,25.5,23.5,0,0,27.7,65,0,26.4,4.3,26.4,26.4,176,1012.5,94,3,386.5,24,89,928,1,1,24.8,22.1
2025-01-31T15:30:00+05:30,2025-01-31 15:30:00,24.4,25.3,23.2,1.4,1.8,27.7,54,0,26.4,4.3,26.4,26.4,176,1012.3,93,1,148.3,24,89,927.8,1,1,24.8,22.1
2025-01-31T15:25:00+05:30,2025-01-31 15:25:00,24.8,25.7,23.2,0,0,27.7,81,0,26.4,4.3,26.4,26.4,176,1012.8,91,0,74.1,24,89,928.3,1,1,24.8,22.1
2025-01-31T15:20:00+05:30,2025-01-31 15:20:00,25.9,26.9,23.9,0,0,27.7,66,0,26.4,4.3,26.4,26.4,176,1012.5,89,0,59,24,89,928,1,1,24.8,22.1
2025-01-31T15:15:00+05:30,2025-01-31 15:15:00,26.3,27.3,24.1,1.4,1.8,27.7,99,0,26.4,4.3,26.4,26.4,176,1012.6,88,0,95.8,23.9,89,928.1,1,1,24.7,21.9
2025-01-31T15:10:00+05:30,2025-01-31 15:10:00,26.1,27.1,24,2.9,5.5,27.7,72,0,26.4,4.3,26.4,26.4,176,1012.5,88,7,779.5,23.9,89,928,1,1,24.7,21.9
2025-01-31T15:05:00+05:30,2025-01-31 15:05:00,25.3,26.3,23.9,2.1,3.5,27.7,86,0,26.4,4.3,26.4,26.4,176,1012.8,92,7,758.2,23.9,89,928.3,1,1,24.7,21.9
2025-01-31T15:00:00+05:30,2025-01-31 15:00:00,25,26,23.8,4,5.5,27.7,43,0,26.4,4.3,26.4,26.4,176,1012.7,93,7,753.5,23.8,89,928.2,1,1,24.6,21.8
2025-01-31T14:55:00+05:30,2025-01-31 14:55:00,24.5,25.5,23.5,0,0,27.7,69,0,26.4,4.3,26.4,26.4,176,1012.8,94,1,178.6,23.8,89,928.3,1,1,24.6,21.8
2025-01-31T14:50:00+05:30,2025-01-31 14:50:00,24.7,25.7,23.3,7.9,11.1,27.7,41,0,26.4,4.3,26.4,26.4,176,1013.1,92,1,158.7,23.8,89,928.6,1,1,24.6,21.8
2025-01-31T14:45:00+05:30,2025-01-31 14:45:00,24.5,25.4,23.3,6.1,9.3,27.7,57,0,26.4,4.3,26.4,26.4,176,1012.9,93,2,246.8,23.8,89,928.4,1,1,24.6,21.8
2025-01-31T14:40:00+05:30,2025-01-31 14:40:00,24.6,25.6,23.4,1.1,3.5,27.7,71,0,26.4,4.3,26.4,26.4,176,1013,93,2,238.6,23.8,89,928.5,1,1,24.6,21.8
2025-01-31T14:35:00+05:30,2025-01-31 14:35:00,25.3,26.2,23.5,2.1,5.5,27.7,99,0,26.4,4.3,26.4,26.4,176,1013,90,1,116.6,23.8,90,928.5,1,1,24.6,22.1
2025-01-31T14:30:00+05:30,2025-01-31 14:30:00,25,25.9,23.4,4,5.5,27.7,166,0,26.4,4.3,26.4,26.4,176,1013.4,91,4,435.9,23.8,90,928.9,1,1,24.6,22.1
2025-01-31T14:25:00+05:30,2025-01-31 14:25:00,24.7,25.7,23.5,0,0,27.7,308,0,26.4,4.3,26.4,26.4,176,1013,93,5,585.6,23.7,90,928.5,1,1,24.5,22
2025-01-31T14:20:00+05:30,2025-01-31 14:20:00,25,26,23.6,0.3,1.8,27.7,65,0,26.4,4.3,26.4,26.4,176,1013.3,92,2,204.3,23.7,90,928.8,1,1,24.5,22
2025-01-31T14:15:00+05:30,2025-01-31 14:15:00,25.6,26.7,24.4,0.3,1.8,27.7,69,0,26.4,4.3,26.4,26.4,176,1013.1,93,9,994.2,23.7,90,928.6,1,1,24.5,22
2025-01-31T14:10:00+05:30,2025-01-31 14:10:00,25.9,27,24.8,0.3,1.8,27.7,89,0,26.4,4.3,26.4,26.4,176,1013.4,94,2,260.7,23.6,90,928.9,1,1,24.4,21.9
2025-01-31T14:05:00+05:30,2025-01-31 14:05:00,24.9,25.9,23.9,0,0,27.7,52,0,26.4,4.3,26.4,26.4,176,1013.3,94,3,325.3,23.5,90,928.8,1,1,24.3,21.8
2025-01-31T14:00:00+05:30,2025-01-31 14:00:00,24.4,25.3,23.4,3.5,5.5,27.7,314,1.8,26.4,4.3,26.4,26.4,176,1013.4,94,9,1014.7,23.5,90,928.9,1,1,24.3,21.8
2025-01-31T13:55:00+05:30,2025-01-31 13:55:00,24.4,25.4,23.5,1.1,1.8,27.7,79,1.8,26.4,4.3,26.4,26.4,176,1013.3,95,3,318.3,23.4,89,928.8,1,1,24.1,21.4
2025-01-31T13:50:00+05:30,2025-01-31 13:50:00,24.4,25.3,23.4,4,5.5,27.7,30,0,26.1,4,26.1,26.1,175.7,1013.7,94,2,209.4,23.5,89,929.2,1,1,24.2,21.6
2025-01-31T13:45:00+05:30,2025-01-31 13:45:00,24.1,25,23.1,0,0,27.7,69,0,26.1,4,26.1,26.1,175.7,1013.6,94,6,653.6,23.5,89,929.1,1,1,24.2,21.6
2025-01-31T13:40:00+05:30,2025-01-31 13:40:00,24.1,25,23.1,1.4,1.8,27.7,99,0,26.1,4,26.1,26.1,175.7,1013.7,94,1,162.6,23.5,89,929.2,1,1,24.2,21.6
2025-01-31T13:35:00+05:30,2025-01-31 13:35:00,24.1,25,23.1,1.1,3.5,27.7,75,0,26.1,4,26.1,26.1,175.7,1013.9,94,1,135.7,23.5,90,929.4,1,1,24.3,21.8
2025-01-31T13:30:00+05:30,2025-01-31 13:30:00,24,24.9,23,1.1,1.8,27.7,77,0,26.1,4,26.1,26.1,175.7,1013.9,94,2,226.4,23.5,90,929.4,1,1,24.3,21.8
2025-01-31T13:25:00+05:30,2025-01-31 13:25:00,24.3,25.3,23.6,2.1,3.5,27.7,111,0,26.1,4,26.1,26.1,175.7,1014.1,96,1,156.9,23.5,90,929.6,1,1,24.3,21.8
2025-01-31T13:20:00+05:30,2025-01-31 13:20:00,24.7,25.7,23.5,0,0,27.7,61,0,26.1,4,26.1,26.1,175.7,1014.2,93,0,89.8,23.5,89,929.7,1,1,24.2,21.6
2025-01-31T13:15:00+05:30,2025-01-31 13:15:00,25.2,26.2,23.5,2.9,3.5,27.7,59,0,26.1,4,26.1,26.1,175.7,1014.1,90,0,68.5,23.5,90,929.6,1,1,24.3,21.8
2025-01-31T13:10:00+05:30,2025-01-31 13:10:00,25.3,26.2,23.5,0,0,27.7,57,0,26.1,4,26.1,26.1,175.7,1013.9,90,3,341.3,23.5,90,929.4,1,1,24.3,21.8
2025-01-31T13:05:00+05:30,2025-01-31 13:05:00,25.5,26.4,23.4,5,5.5,27.7,110,0,26.1,4,26.1,26.1,175.7,1014.1,88,2,217.3,23.4,90,929.6,1,1,24.1,21.7
2025-01-31T13:00:00+05:30,2025-01-31 13:00:00,25,25.9,23.1,12.6,14.8,27.7,5,0,26.1,4,26.1,26.1,175.7,1014.3,89,7,808.1,23.4,90,929.8,1,1,24.1,21.7
2025-01-31T12:55:00+05:30,2025-01-31 12:55:00,24.9,25.8,23.3,4,5.5,27.7,52,0,26.1,4,26.1,26.1,175.7,1014.2,91,9,953.9,23.3,90,929.7,1,1,24,21.6
2025-01-31T12:50:00+05:30,2025-01-31 12:50:00,24.9,25.9,23.9,1.1,3.5,20.1,88,0,26.1,4,26.1,26.1,175.7,1014.5,94,9,996.4,23.4,90,930,1,1,24.1,21.7
2025-01-31T12:45:00+05:30,2025-01-31 12:45:00,24.9,25.9,23.7,0,0,20.1,67,0,26.1,4,26.1,26.1,175.7,1014.5,93,1,139.6,23.3,90,930,1,1,24,21.6
2025-01-31T12:40:00+05:30,2025-01-31 12:40:00,25.3,26.2,23.7,5.8,7.2,20.1,339,0,26.1,4,26.1,26.1,175.7,1014.3,91,2,212.5,23.3,90,929.8,1,1,24,21.6
2025-01-31T12:35:00+05:30,2025-01-31 12:35:00,25.2,26.1,23.3,0.3,1.8,20.1,145,0,26.1,4,26.1,26.1,175.7,1014.7,89,2,283.2,23.2,90,930.2,1,1,23.9,21.5
2025-01-31T12:30:00+05:30,2025-01-31 12:30:00,25.2,26.2,23.5,0.3,1.8,20.1,75,0,26.1,4,26.1,26.1,175.7,1014.8,90,4,462.4,23.2,90,930.3,1,1,23.9,21.5
2025-01-31T12:25:00+05:30,2025-01-31 12:25:00,25.1,26.1,23.5,1.4,7.2,20.1,69,0,26.1,4,26.1,26.1,175.7,1014.8,91,7,812.1,23.1,90,930.3,1,1,23.8,21.4
2025-01-31T12:20:00+05:30,2025-01-31 12:20:00,24.3,25.2,22.9,5,7.2,20.1,100,0,26.1,4,26.1,26.1,175.7,1014.8,92,4,444.2,23,90,930.3,1,1,23.7,21.3
2025-01-31T12:15:00+05:30,2025-01-31 12:15:00,24.2,25.2,23.2,2.6,3.5,20.1,49,0,26.1,4,26.1,26.1,175.7,1014.8,94,2,262.4,23,91,930.3,1,1,23.7,21.4
2025-01-31T12:10:00+05:30,2025-01-31 12:10:00,24.3,25.2,23.1,1.4,3.5,20.1,132,0,26.1,4,26.1,26.1,175.7,1014.6,93,1,148.3,23,91,930.1,1,1,23.7,21.4
2025-01-31T12:05:00+05:30,2025-01-31 12:05:00,24.8,25.7,23.4,11.1,18.3,20.1,69,0,26.1,4,26.1,26.1,175.7,1015.1,92,3,380,22.9,91,930.6,1,1,23.6,21.3
2025-01-31T12:00:00+05:30,2025-01-31 12:00:00,24.4,25.3,23.2,1.8,5.5,20.1,71,0,26.1,4,26.1,26.1,175.7,1015.2,93,7,725.7,22.8,91,930.7,1,1,23.5,21.2
2025-01-31T11:55:00+05:30,2025-01-31 11:55:00,24.1,25,23.1,8.7,9.3,20.1,53,0,26.1,4,26.1,26.1,175.7,1015.5,94,11,1179.1,22.8,91,931,1,1,23.5,21.2
2025-01-31T11:50:00+05:30,2025-01-31 11:50:00,24.3,25.3,23.6,4.7,7.2,20.1,116,0,26.1,4,26.1,26.1,175.7,1015.5,96,2,250.3,22.8,91,931,1,1,23.5,21.2
2025-01-31T11:45:00+05:30,2025-01-31 11:45:00,23.9,24.8,23.2,0.3,1.8,20.1,82,0,26.1,4,26.1,26.1,175.7,1015.4,96,3,326.6,22.7,91,930.9,1,1,23.4,21.2
2025-01-31T11:40:00+05:30,2025-01-31 11:40:00,23.7,24.7,23,3.5,5.5,20.1,135,0,26.1,4,26.1,26.1,175.7,1015.4,96,5,602.5,22.7,91,930.9,1,1,23.4,21.2
2025-01-31T11:35:00+05:30,2025-01-31 11:35:00,23.6,24.5,22.8,4,5.5,20.1,48,0,26.1,4,26.1,26.1,175.7,1015.3,95,1,170.4,22.6,91,930.8,1,1,23.3,21.1
2025-01-31T11:30:00+05:30,2025-01-31 11:30:00,23.6,24.5,22.9,5.5,7.2,20.1,81,0,26.1,4,26.1,26.1,175.7,1015.6,96,1,160.5,22.6,91,931.1,1,1,23.3,21.1
2025-01-31T11:25:00+05:30,2025-01-31 11:25:00,23.7,24.6,22.9,9,11.1,20.1,84,0,26.1,4,26.1,26.1,175.7,1015.5,95,1,159.5,22.6,91,931,1,1,23.3,21.1
2025-01-31T11:20:00+05:30,2025-01-31 11:20:00,23.7,24.7,23,1.4,3.5,20.1,96,0,26.1,4,26.1,26.1,175.7,1015.6,96,1,195.1,22.6,91,931.1,1,1,23.3,21.1
2025-01-31T11:15:00+05:30,2025-01-31 11:15:00,23.4,24.3,23.1,2.1,3.5,20.1,70,0,26.1,4,26.1,26.1,175.7,1015.6,98,2,302.8,22.5,91,931.1,1,1,23.2,20.9
2025-01-31T11:10:00+05:30,2025-01-31 11:10:00,23.3,24.2,22.9,3.5,3.5,20.1,173,0,26.1,4,26.1,26.1,175.7,1015.7,98,0,94.6,22.5,91,931.2,1,1,23.2,20.9
2025-01-31T11:05:00+05:30,2025-01-31 11:05:00,23.3,24.2,22.9,2.6,3.5,20.1,108,0,26.1,4,26.1,26.1,175.7,1015.8,98,1,156.6,22.5,91,931.3,1,1,23.2,20.9
2025-01-31T11:00:00+05:30,2025-01-31 11:00:00,23.4,24.3,23.1,0,0,20.1,63,0,26.1,4,26.1,26.1,175.7,1015.8,98,1,144.4,22.5,91,931.3,1,1,23.2,20.9
2025-01-31T10:55:00+05:30,2025-01-31 10:55:00,23.2,24.2,22.9,0,0,20.1,71,0,26.1,4,26.1,26.1,175.7,1015.9,98,1,100.6,22.4,91,931.4,1,1,23.1,20.8
2025-01-31T10:50:00+05:30,2025-01-31 10:50:00,23.2,24.1,22.7,2.1,7.2,20.1,176,0,26.1,4,26.1,26.1,175.7,1016,97,1,150,22.5,91,931.5,1,1,23.2,20.9
2025-01-31T10:45:00+05:30,2025-01-31 10:45:00,23.3,24.2,22.8,7.9,11.1,20.1,58,0,26.1,4,26.1,26.1,175.7,1016.1,97,1,200.8,22.4,91,931.6,1,1,23.1,20.8
2025-01-31T10:40:00+05:30,2025-01-31 10:40:00,23.1,24,22.8,6.4,11.1,20.1,56,0,26.1,4,26.1,26.1,175.7,1015.8,98,2,245.5,22.4,91,931.3,1,1,23.1,20.8
2025-01-31T10:35:00+05:30,2025-01-31 10:35:00,23,23.9,22.7,12.2,14.8,20.1,63,0,26.1,4,26.1,26.1,175.7,1016.1,98,1,173.5,22.4,92,931.6,1,1,23.1,21
2025-01-31T10:30:00+05:30,2025-01-31 10:30:00,22.9,23.8,22.7,3.5,7.2,20.1,103,0,26.1,4,26.1,26.1,175.7,1015.8,99,1,168.7,22.4,92,931.3,1,1,23.1,21
2025-01-31T10:25:00+05:30,2025-01-31 10:25:00,23.1,24.1,22.9,4,5.5,20.1,101,0,26.1,4,26.1,26.1,175.7,1016.1,99,1,136.7,22.3,92,931.6,1,1,22.9,20.9
2025-01-31T10:20:00+05:30,2025-01-31 10:20:00,22.8,23.7,22.6,2.9,3.5,20.1,80,0,26.1,4,26.1,26.1,175.7,1016.1,99,4,484.1,22.3,91,931.6,1,1,22.9,20.7
2025-01-31T10:15:00+05:30,2025-01-31 10:15:00,22.4,23.3,22.2,2.1,3.5,20.1,150,0,26.1,4,26.1,26.1,175.7,1015.9,99,1,162.2,22.3,91,931.4,1,1,22.9,20.7
2025-01-31T10:10:00+05:30,2025-01-31 10:10:00,22.4,23.3,22.2,2.6,3.5,20.1,206,0,26.1,4,26.1,26.1,175.7,1016.2,99,1,156.9,22.3,91,931.7,1,1,22.9,20.7
2025-01-31T10:05:00+05:30,2025-01-31 10:05:00,22.3,23.1,22.1,12.2,16.6,20.1,274,0,26.1,4,26.1,26.1,175.7,1015.7,99,1,158.3,22.3,91,931.2,1,1,22.9,20.7
2025-01-31T10:00:00+05:30,2025-01-31 10:00:00,22.3,23.1,22.1,4,5.5,20.1,59,0,26.1,4,26.1,26.1,175.7,1016,99,0,98.4,22.2,91,931.5,1,1,22.9,20.7
2025-01-31T09:55:00+05:30,2025-01-31 09:55:00,22.2,23.1,22.1,4,5.5,20.1,106,0,26.1,4,26.1,26.1,175.7,1015.8,99,1,163.9,22.2,91,931.3,1,1,22.9,20.7
2025-01-31T09:50:00+05:30,2025-01-31 09:50:00,22.2,23.1,22.1,5.5,5.5,20.1,114,0,26.1,4,26.1,26.1,175.7,1016,99,1,131.9,22.2,91,931.5,1,1,22.9,20.7
2025-01-31T09:45:00+05:30,2025-01-31 09:45:00,22.1,23,21.9,0,0,20.1,85,0,26.1,4,26.1,26.1,175.7,1016,99,1,151.8,22.3,91,931.5,1,1,22.9,20.7
2025-01-31T09:40:00+05:30,2025-01-31 09:40:00,22,22.8,21.8,4,5.5,20.1,147,0,26.1,4,26.1,26.1,175.7,1015.9,99,0,56.8,22.3,91,931.4,1,1,22.9,20.7
2025-01-31T09:35:00+05:30,2025-01-31 09:35:00,22.1,23,21.9,2.1,3.5,20.1,58,0,26.1,4,26.1,26.1,175.7,1015.9,99,1,135.3,22.3,91,931.4,1,1,22.9,20.7
2025-01-31T09:30:00+05:30,2025-01-31 09:30:00,22.1,23,21.9,0.6,1.8,20.1,58,0,26.1,4,26.1,26.1,175.7,1016,99,0,85,22.3,91,931.5,1,1,22.9,20.7
2025-01-31T09:25:00+05:30,2025-01-31 09:25:00,22,22.8,21.8,2.1,3.5,20.1,114,0,26.1,4,26.1,26.1,175.7,1016,99,1,133.6,22.3,91,931.5,1,1,22.9,20.7
2025-01-31T09:20:00+05:30,2025-01-31 09:20:00,22.1,23,21.9,1.4,1.8,20.1,89,0,26.1,4,26.1,26.1,175.7,1015.7,99,0,70.7,22.3,91,931.2,1,1,22.9,20.7
2025-01-31T09:15:00+05:30,2025-01-31 09:15:00,22.2,23.1,22.1,2.1,3.5,20.1,129,0,26.1,4,26.1,26.1,175.7,1015.8,99,0,92.7,22.2,91,931.3,1,1,22.9,20.7
2025-01-31T09:10:00+05:30,2025-01-31 09:10:00,22.1,23,21.9,2.9,5.5,20.1,64,0,26.1,4,26.1,26.1,175.7,1015.8,99,1,163.9,22.2,91,931.3,1,1,22.9,20.7
2025-01-31T09:05:00+05:30,2025-01-31 09:05:00,22.1,23,21.9,4.7,9.3,20.1,59,1.2,26.1,4,26.1,26.1,175.7,1015.7,99,1,142.6,22.2,91,931.2,1,1,22.9,20.7
2025-01-31T09:00:00+05:30,2025-01-31 09:00:00,22.4,23.3,22.2,3.2,3.5,20.1,61,1.2,26.1,4,26.1,26.1,175.7,1016.1,99,1,173.8,22.2,91,931.6,1,1,22.9,20.7
2025-01-31T08:55:00+05:30,2025-01-31 08:55:00,22,22.8,21.8,2.9,3.5,20.1,109,1.8,25.9,3.8,25.9,25.9,175.5,1016,99,1,153,22.2,91,931.5,1,1,22.9,20.7
2025-01-31T08:50:00+05:30,2025-01-31 08:50:00,22.2,23.1,22.1,3.5,3.5,20.1,40,3,25.9,3.8,25.9,25.9,175.5,1016,99,1,148.8,22.2,91,931.5,1,1,22.9,20.7
2025-01-31T08:45:00+05:30,2025-01-31 08:45:00,22.1,23,21.9,0,0,20.1,66,4.2,25.6,3.5,25.6,25.6,175.2,1015.9,99,1,201.2,22.2,90,931.4,1,1,22.8,20.5
2025-01-31T08:40:00+05:30,2025-01-31 08:40:00,22,22.8,21.8,4.3,5.5,20.1,70,6,25.4,3.3,25.4,25.4,175,1015.9,99,1,132.2,22.2,90,931.4,1,1,22.8,20.5
2025-01-31T08:35:00+05:30,2025-01-31 08:35:00,21.9,22.7,21.7,0,0,20.1,72,3,24.9,2.8,24.9,24.9,174.5,1015.6,99,1,117.1,22.2,90,931.1,1,1,22.8,20.5
2025-01-31T08:30:00+05:30,2025-01-31 08:30:00,21.9,22.7,21.7,5.5,7.2,20.1,87,0,24.4,2.3,24.4,24.4,174,1015.7,99,0,53.3,22.2,90,931.2,1,1,22.8,20.5
2025-01-31T08:25:00+05:30,2025-01-31 08:25:00,21.8,22.6,21.6,0,0,20.1,60,0,24.4,2.3,24.4,24.4,174,1015.6,99,0,61.5,22.2,90,931.1,1,1,22.8,20.5
2025-01-31T08:20:00+05:30,2025-01-31 08:20:00,21.9,22.7,21.7,0,0,20.1,67,0,24.4,2.3,24.4,24.4,174,1015.5,99,0,65.9,22.2,90,931,1,1,22.8,20.5
2025-01-31T08:15:00+05:30,2025-01-31 08:15:00,21.8,22.6,21.6,1.1,1.8,20.1,69,0,24.4,2.3,24.4,24.4,174,1015.5,99,0,56.3,22.2,90,931,1,1,22.8,20.5
2025-01-31T08:10:00+05:30,2025-01-31 08:10:00,21.7,22.5,21.6,0,0,20.1,52,0,24.4,2.3,24.4,24.4,174,1015.4,99,0,90.2,22.2,90,930.9,1,1,22.8,20.5
2025-01-31T08:05:00+05:30,2025-01-31 08:05:00,21.7,22.5,21.6,2.1,3.5,20.1,118,0,24.4,2.3,24.4,24.4,174,1015.1,99,0,78.4,22.3,90,930.6,1,1,22.9,20.6
2025-01-31T08:00:00+05:30,2025-01-31 08:00:00,21.6,22.4,21.4,1.8,5.5,20.1,163,0,24.4,2.3,24.4,24.4,174,1015.2,99,0,49.8,22.3,90,930.7,1,1,22.9,20.6
2025-01-31T07:55:00+05:30,2025-01-31 07:55:00,21.6,22.4,21.4,0,0,20.1,110,0,24.4,2.3,24.4,24.4,174,1015.2,99,0,37.2,22.3,90,930.7,1,1,22.9,20.6
2025-01-31T07:50:00+05:30,2025-01-31 07:50:00,21.5,22.3,21.3,0,0,20.1,54,0,24.4,2.3,24.4,24.4,174,1015,99,0,28.1,22.2,90,930.5,1,1,22.8,20.5
2025-01-31T07:45:00+05:30,2025-01-31 07:45:00,21.6,22.4,21.4,0,0,20.1,77,0,24.4,2.3,24.4,24.4,174,1015.1,99,0,16,22.2,90,930.6,1,1,22.8,20.5
2025-01-31T07:40:00+05:30,2025-01-31 07:40:00,21.6,22.4,21.4,0,0,20.1,68,0,24.4,2.3,24.4,24.4,174,1014.8,99,0,25.6,22.2,90,930.3,1,1,22.8,20.5
2025-01-31T07:35:00+05:30,2025-01-31 07:35:00,21.5,22.3,21.3,0,0,20.1,63,0,24.4,2.3,24.4,24.4,174,1014.9,99,0,25.1,22.2,90,930.4,1,1,22.8,20.5
2025-01-31T07:30:00+05:30,2025-01-31 07:30:00,21.4,22.2,21.2,7.2,9.3,20.1,181,0,24.4,2.3,24.4,24.4,174,1015.1,99,0,39,22.2,90,930.6,1,1,22.8,20.5
2025-01-31T07:25:00+05:30,2025-01-31 07:25:00,21.4,22.2,21.2,0,0,20.1,74,0,24.4,2.3,24.4,24.4,174,1014.9,99,0,22.5,22.2,90,930.4,1,1,22.8,20.5
2025-01-31T07:20:00+05:30,2025-01-31 07:20:00,21.4,22.2,21.2,1.4,3.5,20.1,159,1.8,24.4,2.3,24.4,24.4,174,1014.9,99,0,35.5,22.2,90,930.4,1,1,22.8,20.5
2025-01-31T07:15:00+05:30,2025-01-31 07:15:00,21.4,22.2,21.2,0,0,20.1,73,1.8,24.4,2.3,24.4,24.4,174,1014.8,99,0,23.4,22.2,90,930.3,1,1,22.8,20.5
2025-01-31T07:10:00+05:30,2025-01-31 07:10:00,21.4,22.2,21.2,0,0,20.1,82,1.2,24.1,2,24.1,24.1,173.7,1014.8,99,0,26.8,22.2,89,930.3,1,1,22.8,20.3
2025-01-31T07:05:00+05:30,2025-01-31 07:05:00,21.4,22.2,21.2,0,0,20.1,69,3,24.1,2,24.1,24.1,173.7,1014.6,99,0,11.3,22.2,89,930.1,1,1,22.8,20.3
2025-01-31T07:00:00+05:30,2025-01-31 07:00:00,21.4,22.2,21.2,3.2,3.5,20.1,71,1.8,23.9,1.8,23.9,23.9,173.5,1014.7,99,0,12.1,22.3,89,930.2,1,1,22.9,20.4
2025-01-31T06:55:00+05:30,2025-01-31 06:55:00,21.4,22.2,21.2,0,0,20.1,66,0,23.6,1.5,23.6,23.6,173.2,1014.7,99,0,5.1,22.2,89,930.2,1,1,22.8,20.3
2025-01-31T06:50:00+05:30,2025-01-31 06:50:00,21.3,22,21.1,0,0,20.1,72,0,23.6,1.5,23.6,23.6,173.2,1014.5,99,0,3.8,22.3,89,930,1,1,22.9,20.4
2025-01-31T06:45:00+05:30,2025-01-31 06:45:00,21.3,22,21.1,0,0,20.1,67,0,23.6,1.5,23.6,23.6,173.2,1014.4,99,0,3.8,22.3,89,929.9,1,1,22.9,20.4
2025-01-31T06:40:00+05:30,2025-01-31 06:40:00,21.4,22.2,21.2,0,0,20.1,75,0,23.6,1.5,23.6,23.6,173.2,1014.2,99,0,1.2,22.3,89,929.7,1,1,22.9,20.4
2025-01-31T06:35:00+05:30,2025-01-31 06:35:00,21.4,22.2,21.2,0,0,20.1,63,0,23.6,1.5,23.6,23.6,173.2,1013.9,99,0,2.1,22.3,89,929.4,1,1,22.9,20.4
2025-01-31T06:30:00+05:30,2025-01-31 06:30:00,21.4,22.2,21.2,3.5,5.5,20.1,80,1.2,23.6,1.5,23.6,23.6,173.2,1014,99,0,1.2,22.3,89,929.5,1,1,22.9,20.4
2025-01-31T06:25:00+05:30,2025-01-31 06:25:00,21.4,22.2,21.2,0,0,20.1,67,3,23.6,1.5,23.6,23.6,173.2,1014.3,99,0,0,22.3,89,929.8,1,1,22.9,20.4
2025-01-31T06:20:00+05:30,2025-01-31 06:20:00,21.3,22,21.1,0,0,20.1,60,3.6,23.4,1.3,23.4,23.4,173,1014.1,99,0,0,22.3,89,929.6,1,1,22.9,20.4
2025-01-31T06:15:00+05:30,2025-01-31 06:15:00,21.3,22,21.1,0,0,20.1,73,1.8,23.1,1,23.1,23.1,172.7,1013.8,99,0,0,22.3,89,929.3,1,1,22.9,20.4
2025-01-31T06:10:00+05:30,2025-01-31 06:10:00,21.3,22,21.1,0,0,20.1,68,0,22.8,0.7,22.8,22.8,172.4,1013.9,99,0,0,22.3,89,929.4,1,1,22.9,20.4
2025-01-31T06:05:00+05:30,2025-01-31 06:05:00,21.3,22,21.1,0,0,20.1,79,0,22.8,0.7,22.8,22.8,172.4,1013.8,99,0,0,22.3,89,929.3,1,1,22.9,20.4
2025-01-31T06:00:00+05:30,2025-01-31 06:00:00,21.3,22,21.1,0,0,20.1,68,0,22.8,0.7,22.8,22.8,172.4,1013.6,99,0,0,22.3,89,929.1,1,1,22.9,20.4
2025-01-31T05:55:00+05:30,2025-01-31 05:55:00,21.3,22,21.1,0,0,20.1,59,0,22.8,0.7,22.8,22.8,172.4,1013.7,99,0,0,22.3,89,929.2,1,1,22.9,20.4
2025-01-31T05:50:00+05:30,2025-01-31 05:50:00,21.4,22.2,21.2,0,0,20.1,68,0,22.8,0.7,22.8,22.8,172.4,1013.5,99,0,0,22.3,89,929,1,1,22.9,20.4
2025-01-31T05:45:00+05:30,2025-01-31 05:45:00,21.4,22.2,21.2,0,0,20.1,65,0,22.8,0.7,22.8,22.8,172.4,1013.4,99,0,0,22.3,89,928.9,1,1,22.9,20.4
2025-01-31T05:40:00+05:30,2025-01-31 05:40:00,21.5,22.3,21.3,0,0,20.1,63,0,22.8,0.7,22.8,22.8,172.4,1013.4,99,0,0,22.2,89,928.9,1,1,22.8,20.3
2025-01-31T05:35:00+05:30,2025-01-31 05:35:00,21.5,22.3,21.3,5,5.5,20.1,171,0,22.8,0.7,22.8,22.8,172.4,1013.5,99,0,0,22.2,89,929,1,1,22.8,20.3
2025-01-31T05:30:00+05:30,2025-01-31 05:30:00,21.5,22.3,21.3,0,0,20.1,85,0,22.8,0.7,22.8,22.8,172.4,1013.4,99,0,0,22.3,89,928.9,1,1,22.9,20.4
2025-01-31T05:25:00+05:30,2025-01-31 05:25:00,21.5,22.3,21.3,0,0,20.1,67,0,22.8,0.7,22.8,22.8,172.4,1013.2,99,0,0,22.2,89,928.7,1,1,22.8,20.3
2025-01-31T05:20:00+05:30,2025-01-31 05:20:00,21.6,22.4,21.4,0.3,1.8,20.1,60,1.2,22.8,0.7,22.8,22.8,172.4,1013,99,0,0,22.3,89,928.5,1,1,22.9,20.4
2025-01-31T05:15:00+05:30,2025-01-31 05:15:00,21.6,22.4,21.4,0,0,20.1,63,1.2,22.8,0.7,22.8,22.8,172.4,1013,99,0,0,22.3,89,928.5,1,1,22.9,20.4
2025-01-31T05:10:00+05:30,2025-01-31 05:10:00,21.6,22.4,21.4,0,0,20.1,66,0,22.6,0.5,22.6,22.6,172.2,1013.1,99,0,0,22.3,89,928.6,1,1,22.9,20.4
2025-01-31T05:05:00+05:30,2025-01-31 05:05:00,21.5,22.3,21.3,1.8,1.8,20.1,59,0,22.6,0.5,22.6,22.6,172.2,1012.9,99,0,0,22.3,89,928.4,1,1,22.9,20.4
2025-01-31T05:00:00+05:30,2025-01-31 05:00:00,21.6,22.4,21.4,0,0,20.1,73,0,22.6,0.5,22.6,22.6,172.2,1013,99,0,0,22.3,89,928.5,1,1,22.9,20.4
2025-01-31T04:55:00+05:30,2025-01-31 04:55:00,21.5,22.3,21.3,1.4,1.8,20.1,152,0,22.6,0.5,22.6,22.6,172.2,1013,99,0,0,22.3,89,928.5,1,1,22.9,20.4
2025-01-31T04:50:00+05:30,2025-01-31 04:50:00,21.5,22.3,21.3,2.1,3.5,20.1,77,0,22.6,0.5,22.6,22.6,172.2,1013,99,0,0,22.3,89,928.5,1,1,22.9,20.4
2025-01-31T04:45:00+05:30,2025-01-31 04:45:00,21.4,22.2,21.2,0,0,20.1,79,0,22.6,0.5,22.6,22.6,172.2,1012.7,99,0,0,22.4,89,928.2,1,1,23,20.5
2025-01-31T04:40:00+05:30,2025-01-31 04:40:00,21.4,22.2,21.2,0.3,1.8,20.1,70,0,22.6,0.5,22.6,22.6,172.2,1012.7,99,0,0,22.4,89,928.2,1,1,23,20.5
2025-01-31T04:35:00+05:30,2025-01-31 04:35:00,21.3,22,21.1,0,0,20.1,70,0,22.6,0.5,22.6,22.6,172.2,1012.7,99,0,0,22.4,89,928.2,1,1,23,20.5
2025-01-31T04:30:00+05:30,2025-01-31 04:30:00,21.4,22.2,21.2,0,0,20.1,63,0,22.6,0.5,22.6,22.6,172.2,1012.8,99,0,0,22.4,89,928.3,1,1,23,20.5
2025-01-31T04:25:00+05:30,2025-01-31 04:25:00,21.4,22.2,21.2,0,0,20.1,69,0,22.6,0.5,22.6,22.6,172.2,1012.6,99,0,0,22.3,88,928.1,1,1,22.8,20.2
2025-01-31T04:20:00+05:30,2025-01-31 04:20:00,21.4,22.2,21.2,0,0,20.1,81,0,22.6,0.5,22.6,22.6,172.2,1012.8,99,0,0,22.3,88,928.3,1,1,22.8,20.2
2025-01-31T04:15:00+05:30,2025-01-31 04:15:00,21.4,22.2,21.2,0,0,20.1,66,0,22.6,0.5,22.6,22.6,172.2,1012.5,99,0,0,22.3,88,928,1,1,22.8,20.2
2025-01-31T04:10:00+05:30,2025-01-31 04:10:00,21.3,22,21.1,0,0,20.1,65,0,22.6,0.5,22.6,22.6,172.2,1012.5,99,0,0,22.3,88,928,1,1,22.8,20.2
2025-01-31T04:05:00+05:30,2025-01-31 04:05:00,21.2,22,21.1,0,0,20.1,73,0,22.6,0.5,22.6,22.6,172.2,1012.7,99,0,0,22.4,88,928.2,1,1,23,20.3
2025-01-31T04:00:00+05:30,2025-01-31 04:00:00,21.2,22,21.1,0,0,20.1,81,0,22.6,0.5,22.6,22.6,172.2,1012.4,99,0,0,22.4,88,927.9,1,1,23,20.3
2025-01-31T03:55:00+05:30,2025-01-31 03:55:00,21.1,21.9,20.9,0,0,20.1,97,0,22.6,0.5,22.6,22.6,172.2,1012.6,99,0,0,22.4,88,928.1,1,1,23,20.3
2025-01-31T03:50:00+05:30,2025-01-31 03:50:00,21.1,21.9,20.9,0,0,20.1,72,0,22.6,0.5,22.6,22.6,172.2,1012.7,99,0,0,22.4,88,928.2,1,1,23,20.3
2025-01-31T03:45:00+05:30,2025-01-31 03:45:00,21.1,21.9,20.9,0,0,20.1,71,0,22.6,0.5,22.6,22.6,172.2,1012.6,99,0,0,22.5,88,928.1,1,1,23.1,20.4
2025-01-31T03:40:00+05:30,2025-01-31 03:40:00,21.1,21.9,20.9,0,0,20.1,65,0,22.6,0.5,22.6,22.6,172.2,1012.6,99,0,0,22.5,88,928.1,1,1,23.1,20.4
2025-01-31T03:35:00+05:30,2025-01-31 03:35:00,21.1,21.9,20.9,0,0,20.1,69,0,22.6,0.5,22.6,22.6,172.2,1012.5,99,0,0,22.5,88,928,1,1,23.1,20.4
2025-01-31T03:30:00+05:30,2025-01-31 03:30:00,21.2,22,21.1,0,0,20.1,64,0,22.6,0.5,22.6,22.6,172.2,1012.6,99,0,0,22.5,88,928.1,1,1,23.1,20.4
2025-01-31T03:25:00+05:30,2025-01-31 03:25:00,21.3,22,21.1,0,0,20.1,73,0,22.6,0.5,22.6,22.6,172.2,1012.7,99,0,0,22.5,88,928.2,1,1,23.1,20.4
2025-01-31T03:20:00+05:30,2025-01-31 03:20:00,21.3,22,21.1,0,0,20.1,71,0,22.6,0.5,22.6,22.6,172.2,1012.7,99,0,0,22.5,88,928.2,1,1,23.1,20.4
2025-01-31T03:15:00+05:30,2025-01-31 03:15:00,21.2,22,21.1,0,0,20.1,90,0,22.6,0.5,22.6,22.6,172.2,1012.3,99,0,0,22.5,88,927.8,1,1,23.1,20.4
2025-01-31T03:10:00+05:30,2025-01-31 03:10:00,21.2,22,21.1,0,0,20.1,119,0,22.6,0.5,22.6,22.6,172.2,1012.6,99,0,0,22.5,88,928.1,1,1,23.1,20.4
2025-01-31T03:05:00+05:30,2025-01-31 03:05:00,21.1,21.9,20.9,0,0,20.1,80,0,22.6,0.5,22.6,22.6,172.2,1012.6,99,0,0,22.5,88,928.1,1,1,23.1,20.4
2025-01-31T03:00:00+05:30,2025-01-31 03:00:00,21.2,22,21.1,0,0,20.1,68,0,22.6,0.5,22.6,22.6,172.2,1012.7,99,0,0,22.5,88,928.2,1,1,23.1,20.4
2025-01-31T02:55:00+05:30,2025-01-31 02:55:00,21.2,22,21.1,0,0,20.1,74,0,22.6,0.5,22.6,22.6,172.2,1012.7,99,0,0,22.6,88,928.2,1,1,23.2,20.5
2025-01-31T02:50:00+05:30,2025-01-31 02:50:00,21.3,22,21.1,0,0,20.1,69,0,22.6,0.5,22.6,22.6,172.2,1012.9,99,0,0,22.6,88,928.4,1,1,23.2,20.5
2025-01-31T02:45:00+05:30,2025-01-31 02:45:00,21.3,22,21.1,0,0,20.1,68,0,22.6,0.5,22.6,22.6,172.2,1012.9,99,0,0,22.6,88,928.4,1,1,23.2,20.5
2025-01-31T02:40:00+05:30,2025-01-31 02:40:00,21.3,22,21.1,0,0,20.1,73,0,22.6,0.5,22.6,22.6,172.2,1012.9,99,0,0,22.5,88,928.4,1,1,23.1,20.4
2025-01-31T02:35:00+05:30,2025-01-31 02:35:00,21.2,22,21.1,0,0,20.1,121,0,22.6,0.5,22.6,22.6,172.2,1013,99,0,0,22.6,88,928.5,1,1,23.2,20.5
2025-01-31T02:30:00+05:30,2025-01-31 02:30:00,21.2,22,21.1,0,0,20.1,78,0,22.6,0.5,22.6,22.6,172.2,1013.1,99,0,0,22.6,88,928.6,1,1,23.2,20.5
2025-01-31T02:25:00+05:30,2025-01-31 02:25:00,21.3,22,21.1,0,0,20.1,68,0,22.6,0.5,22.6,22.6,172.2,1013.4,99,0,0,22.6,88,928.9,1,1,23.2,20.5
2025-01-31T02:20:00+05:30,2025-01-31 02:20:00,21.4,22.2,21.2,0,0,20.1,70,0,22.6,0.5,22.6,22.6,172.2,1013.3,99,0,0,22.6,88,928.8,1,1,23.2,20.5
2025-01-31T02:15:00+05:30,2025-01-31 02:15:00,21.3,22,21.1,0,0,20.1,79,0,22.6,0.5,22.6,22.6,172.2,1013.3,99,0,0,22.6,88,928.8,1,1,23.2,20.5
2025-01-31T02:10:00+05:30,2025-01-31 02:10:00,21.2,22,21.1,0,0,20.1,71,0,22.6,0.5,22.6,22.6,172.2,1013.3,99,0,0,22.6,88,928.8,1,1,23.2,20.5
2025-01-31T02:05:00+05:30,2025-01-31 02:05:00,21.2,22,21.1,0,0,20.1,66,0,22.6,0.5,22.6,22.6,172.2,1013.1,99,0,0,22.6,88,928.6,1,1,23.2,20.5
2025-01-31T02:00:00+05:30,2025-01-31 02:00:00,21.2,22,21.1,0,0,20.1,81,0,22.6,0.5,22.6,22.6,172.2,1013.5,99,0,0,22.6,88,929,1,1,23.2,20.5
2025-01-31T01:55:00+05:30,2025-01-31 01:55:00,21.2,22,21.1,0,0,20.1,75,0,22.6,0.5,22.6,22.6,172.2,1013.3,99,0,0,22.6,88,928.8,1,1,23.2,20.5
2025-01-31T01:50:00+05:30,2025-01-31 01:50:00,21.2,22,21.1,0,0,20.1,71,0,22.6,0.5,22.6,22.6,172.2,1013.4,99,0,0,22.6,88,928.9,1,1,23.2,20.5
2025-01-31T01:45:00+05:30,2025-01-31 01:45:00,21.2,22,21.1,0,0,20.1,69,0,22.6,0.5,22.6,22.6,172.2,1013.4,99,0,0,22.6,88,928.9,1,1,23.2,20.5
2025-01-31T01:40:00+05:30,2025-01-31 01:40:00,21.2,22,21.1,0,0,20.1,74,0,22.6,0.5,22.6,22.6,172.2,1013.4,99,0,0,22.6,88,928.9,1,1,23.2,20.5
2025-01-31T01:35:00+05:30,2025-01-31 01:35:00,21.2,22,21.1,0,0,20.1,68,0,22.6,0.5,22.6,22.6,172.2,1013.5,99,0,0,22.6,88,929,1,1,23.2,20.5
2025-01-31T01:30:00+05:30,2025-01-31 01:30:00,21.2,22,21.1,0,0,20.1,74,0,22.6,0.5,22.6,22.6,172.2,1013.6,99,0,0,22.6,88,929.1,1,1,23.2,20.5
2025-01-31T01:25:00+05:30,2025-01-31 01:25:00,21.3,22,21.1,0.6,1.8,20.1,91,0,22.6,0.5,22.6,22.6,172.2,1013.6,99,0,0,22.7,88,929.1,1,1,23.3,20.6
2025-01-31T01:20:00+05:30,2025-01-31 01:20:00,21.3,22,21.1,0,0,20.1,119,0,22.6,0.5,22.6,22.6,172.2,1013.9,99,0,0,22.6,88,929.4,1,1,23.2,20.5
2025-01-31T01:15:00+05:30,2025-01-31 01:15:00,21.3,22,21.1,1.1,3.5,20.1,58,0,22.6,0.5,22.6,22.6,172.2,1013.8,99,0,0,22.7,88,929.3,1,1,23.3,20.6
2025-01-31T01:10:00+05:30,2025-01-31 01:10:00,21.3,22,21.1,0,0,20.1,58,0,22.6,0.5,22.6,22.6,172.2,1014.2,99,0,0,22.6,88,929.7,1,1,23.2,20.5
2025-01-31T01:05:00+05:30,2025-01-31 01:05:00,21.4,22.2,21.2,0,0,20.1,88,0,22.6,0.5,22.6,22.6,172.2,1014.1,99,0,0,22.6,88,929.6,1,1,23.2,20.5
2025-01-31T01:00:00+05:30,2025-01-31 01:00:00,21.4,22.2,21.2,2.1,3.5,20.1,67,0,22.6,0.5,22.6,22.6,172.2,1014.2,99,0,0,22.7,88,929.7,1,1,23.3,20.6
2025-01-31T00:55:00+05:30,2025-01-31 00:55:00,21.4,22.2,21.2,5.8,7.2,20.1,359,3,22.6,0.5,22.6,22.6,172.2,1014.1,99,0,0,22.7,88,929.6,1,1,23.3,20.6
2025-01-31T00:50:00+05:30,2025-01-31 00:50:00,21.5,22.3,21.3,0,0,20.1,111,3,22.6,0.5,22.6,22.6,172.2,1014.1,99,0,0,22.7,88,929.6,1,1,23.3,20.6
2025-01-31T00:45:00+05:30,2025-01-31 00:45:00,21.5,22.3,21.3,4.3,7.2,9.3,177,1.2,22.3,0.2,22.3,22.3,171.9,1014.4,99,0,0,22.7,88,929.9,1,1,23.3,20.6
2025-01-31T00:40:00+05:30,2025-01-31 00:40:00,21.4,22.2,21.2,2.9,5.5,9.3,54,0,22.1,0,22.1,22.1,171.7,1014.4,99,0,0,22.7,88,929.9,1,1,23.3,20.6
2025-01-31T00:35:00+05:30,2025-01-31 00:35:00,21.4,22.2,21.2,3.5,5.5,9.3,89,0,22.1,0,22.1,22.1,171.7,1014.6,99,0,0,22.7,88,930.1,1,1,23.3,20.6
2025-01-31T00:30:00+05:30,2025-01-31 00:30:00,21.5,22.3,21.3,0,0,0,53,0,22.1,0,22.1,22.1,171.7,1014.3,99,0,0,22.7,88,929.8,1,1,23.3,20.6
2025-01-31T00:25:00+05:30,2025-01-31 00:25:00,21.5,22.3,21.3,0,0,25.6,67,0,22.1,22.1,22.1,22.1,171.7,1014.5,99,0,0,22.7,88,930,1,1,23.3,20.6
2025-01-31T00:20:00+05:30,2025-01-31 00:20:00,21.5,22.3,21.3,1.4,3.5,25.6,156,0,22.1,22.1,22.1,22.1,171.7,1014.7,99,0,0,22.7,88,930.2,1,1,23.3,20.6
2025-01-31T00:15:00+05:30,2025-01-31 00:15:00,21.4,22.2,21.2,4,5.5,25.6,131,0,22.1,22.1,22.1,22.1,171.7,1014.6,99,0,0,22.7,88,930.1,1,1,23.3,20.6
2025-01-31T00:10:00+05:30,2025-01-31 00:10:00,21.4,22.2,21.2,0,0,25.6,104,0,22.1,22.1,22.1,22.1,171.7,1014.7,99,0,0,22.7,88,930.2,1,1,23.3,20.6
2025-01-31T00:05:00+05:30,2025-01-31 00:05:00,21.4,22.2,21.2,4.3,5.5,25.6,131,0,22.1,22.1,22.1,22.1,171.7,1014.8,99,0,0,22.8,88,930.3,1,1,23.4,20.7
2025-01-31T00:00:00+05:30,2025-01-31 00:00:00,21.4,22.2,21.2,0,0,25.6,81,0,22.1,22.1,22.1,22.1,171.7,1014.8,99,0,0,22.8,88,930.3,1,1,23.4,20.7
2025-01-30T23:55:00+05:30,2025-01-30 23:55:00,21.4,22.2,21.2,1.8,1.8,25.6,103,0,22.1,22.1,22.1,22.1,171.7,1014.8,99,0,0,22.8,88,930.3,1,1,23.4,20.7
2025-01-30T23:50:00+05:30,2025-01-30 23:50:00,21.4,22.2,21.2,1.4,1.8,25.6,66,0,22.1,22.1,22.1,22.1,171.7,1014.8,99,0,0,22.8,88,930.3,1,1,23.4,20.7
2025-01-30T23:45:00+05:30,2025-01-30 23:45:00,21.5,22.3,21.3,0,0,25.6,82,0,22.1,22.1,22.1,22.1,171.7,1014.9,99,0,0,22.8,88,930.4,1,1,23.4,20.7
2025-01-30T23:40:00+05:30,2025-01-30 23:40:00,21.5,22.3,21.3,0,0,25.6,64,0,22.1,22.1,22.1,22.1,171.7,1014.8,99,0,0,22.8,88,930.3,1,1,23.4,20.7
2025-01-30T23:35:00+05:30,2025-01-30 23:35:00,21.4,22.2,21.2,0.6,1.8,25.6,66,0,22.1,22.1,22.1,22.1,171.7,1014.9,99,0,0,22.8,88,930.4,1,1,23.4,20.7
2025-01-30T23:30:00+05:30,2025-01-30 23:30:00,21.5,22.3,21.3,3.2,3.5,25.6,131,0,22.1,22.1,22.1,22.1,171.7,1014.7,99,0,0,22.8,88,930.2,1,1,23.4,20.7
2025-01-30T23:25:00+05:30,2025-01-30 23:25:00,21.5,22.3,21.3,0,0,25.6,101,0,22.1,22.1,22.1,22.1,171.7,1015,99,0,0,22.9,88,930.5,1,1,23.6,20.8
2025-01-30T23:20:00+05:30,2025-01-30 23:20:00,21.4,22.2,21.2,3.5,5.5,25.6,87,0,22.1,22.1,22.1,22.1,171.7,1015,99,0,0,22.9,88,930.5,1,1,23.6,20.8
2025-01-30T23:15:00+05:30,2025-01-30 23:15:00,21.4,22.2,21.2,0,0,25.6,72,0,22.1,22.1,22.1,22.1,171.7,1015,99,0,0,22.9,88,930.5,1,1,23.6,20.8
2025-01-30T23:10:00+05:30,2025-01-30 23:10:00,21.4,22.2,21.2,0,0,25.6,93,0,22.1,22.1,22.1,22.1,171.7,1014.9,99,0,0,22.9,88,930.4,1,1,23.6,20.8
2025-01-30T23:05:00+05:30,2025-01-30 23:05:00,21.5,22.3,21.3,0,0,25.6,48,0,22.1,22.1,22.1,22.1,171.7,1015,99,0,0,22.9,88,930.5,1,1,23.6,20.8
2025-01-30T23:00:00+05:30,2025-01-30 23:00:00,21.5,22.3,21.3,0,0,25.6,80,0,22.1,22.1,22.1,22.1,171.7,1015.1,99,0,0,22.9,88,930.6,1,1,23.6,20.8
2025-01-30T22:55:00+05:30,2025-01-30 22:55:00,21.5,22.3,21.3,0,0,25.6,69,0,22.1,22.1,22.1,22.1,171.7,1015.2,99,0,0,23,88,930.7,1,1,23.7,20.9
2025-01-30T22:50:00+05:30,2025-01-30 22:50:00,21.5,22.3,21.3,1.8,3.5,25.6,97,0,22.1,22.1,22.1,22.1,171.7,1015.4,99,0,0,23,88,930.9,1,1,23.7,20.9
2025-01-30T22:45:00+05:30,2025-01-30 22:45:00,21.6,22.4,21.4,0,0,25.6,90,0,22.1,22.1,22.1,22.1,171.7,1015.1,99,0,0,23,88,930.6,1,1,23.7,20.9
2025-01-30T22:40:00+05:30,2025-01-30 22:40:00,21.5,22.3,21.3,0.3,1.8,25.6,45,0,22.1,22.1,22.1,22.1,171.7,1015.3,99,0,0,23,88,930.8,1,1,23.7,20.9
2025-01-30T22:35:00+05:30,2025-01-30 22:35:00,21.5,22.3,21.3,0,0,25.6,60,0,22.1,22.1,22.1,22.1,171.7,1015.3,99,0,0,23,89,930.8,1,1,23.7,21.1
2025-01-30T22:30:00+05:30,2025-01-30 22:30:00,21.6,22.4,21.4,0,0,25.6,100,0,22.1,22.1,22.1,22.1,171.7,1015.2,99,0,0,23,89,930.7,1,1,23.7,21.1
2025-01-30T22:25:00+05:30,2025-01-30 22:25:00,21.6,22.4,21.4,3.5,5.5,25.6,106,0,22.1,22.1,22.1,22.1,171.7,1015.4,99,0,0,23,89,930.9,1,1,23.7,21.1
2025-01-30T22:20:00+05:30,2025-01-30 22:20:00,21.6,22.4,21.4,4,5.5,25.6,164,0,22.1,22.1,22.1,22.1,171.7,1015.1,99,0,0,23,89,930.6,1,1,23.7,21.1
2025-01-30T22:15:00+05:30,2025-01-30 22:15:00,21.6,22.4,21.4,4.7,7.2,25.6,59,0,22.1,22.1,22.1,22.1,171.7,1015.2,99,0,0,23,89,930.7,1,1,23.7,21.1
2025-01-30T22:10:00+05:30,2025-01-30 22:10:00,21.6,22.4,21.4,6.1,7.2,25.6,21,0,22.1,22.1,22.1,22.1,171.7,1015.1,99,0,0,23,89,930.6,1,1,23.7,21.1
2025-01-30T22:05:00+05:30,2025-01-30 22:05:00,21.6,22.4,21.4,0,0,21.9,49,0,22.1,22.1,22.1,22.1,171.7,1015.2,99,0,0,23.1,89,930.7,1,1,23.8,21.2
2025-01-30T22:00:00+05:30,2025-01-30 22:00:00,21.7,22.5,21.6,0,0,21.9,76,0,22.1,22.1,22.1,22.1,171.7,1015.1,99,0,0,23.1,89,930.6,1,1,23.8,21.2
2025-01-30T21:55:00+05:30,2025-01-30 21:55:00,21.7,22.5,21.6,6.4,7.2,21.9,88,0,22.1,22.1,22.1,22.1,171.7,1015.3,99,0,0,23.1,89,930.8,1,1,23.8,21.2
2025-01-30T21:50:00+05:30,2025-01-30 21:50:00,21.7,22.5,21.6,2.9,3.5,21.9,85,0,22.1,22.1,22.1,22.1,171.7,1015.3,99,0,0,23.2,89,930.8,1,1,23.9,21.3
2025-01-30T21:45:00+05:30,2025-01-30 21:45:00,21.8,22.6,21.6,0,0,21.9,72,0,22.1,22.1,22.1,22.1,171.7,1015.2,99,0,0,23.2,89,930.7,1,1,23.9,21.3
2025-01-30T21:40:00+05:30,2025-01-30 21:40:00,21.8,22.6,21.6,1.4,3.5,21.9,74,0,22.1,22.1,22.1,22.1,171.7,1015.4,99,0,0,23.2,88,930.9,1,1,23.9,21.1
2025-01-30T21:35:00+05:30,2025-01-30 21:35:00,21.8,22.6,21.6,0,0,21.9,21,0,22.1,22.1,22.1,22.1,171.7,1015,99,0,0,23.2,88,930.5,1,1,23.9,21.1
2025-01-30T21:30:00+05:30,2025-01-30 21:30:00,21.8,22.6,21.6,0,0,21.9,85,0,22.1,22.1,22.1,22.1,171.7,1015,99,0,0,23.2,88,930.5,1,1,23.9,21.1
2025-01-30T21:25:00+05:30,2025-01-30 21:25:00,21.8,22.6,21.6,0,0,21.9,104,0,22.1,22.1,22.1,22.1,171.7,1014.9,99,0,0,23.3,88,930.4,1,1,23.9,21.2
2025-01-30T21:20:00+05:30,2025-01-30 21:20:00,21.9,22.7,21.7,0,0,21.9,77,0,22.1,22.1,22.1,22.1,171.7,1015.1,99,0,0,23.3,88,930.6,1,1,23.9,21.2
2025-01-30T21:15:00+05:30,2025-01-30 21:15:00,21.9,22.7,21.7,0,0,21.9,69,0,22.1,22.1,22.1,22.1,171.7,1014.9,99,0,0,23.3,88,930.4,1,1,23.9,21.2
2025-01-30T21:10:00+05:30,2025-01-30 21:10:00,21.8,22.6,21.6,0.3,1.8,21.9,83,0,22.1,22.1,22.1,22.1,171.7,1014.9,99,0,0,23.3,88,930.4,1,1,23.9,21.2
2025-01-30T21:05:00+05:30,2025-01-30 21:05:00,21.9,22.7,21.7,0,0,21.9,65,0,22.1,22.1,22.1,22.1,171.7,1014.9,99,0,0,23.3,89,930.4,1,1,24,21.3
2025-01-30T21:00:00+05:30,2025-01-30 21:00:00,21.9,22.7,21.7,3.5,5.5,21.9,71,1.8,22.1,22.1,22.1,22.1,171.7,1014.9,99,0,0,23.3,88,930.4,1,1,23.9,21.2
2025-01-30T20:55:00+05:30,2025-01-30 20:55:00,22,22.8,21.8,0,0,21.9,106,1.8,22.1,22.1,22.1,22.1,171.7,1014.9,99,0,0,23.4,89,930.4,1,1,24.1,21.4
2025-01-30T20:50:00+05:30,2025-01-30 20:50:00,22,22.8,21.8,0,0,21.9,145,0,21.8,21.8,21.8,21.8,171.4,1014.9,99,0,0,23.4,88,930.4,1,1,24.1,21.3
2025-01-30T20:45:00+05:30,2025-01-30 20:45:00,22,22.8,21.8,0,0,21.9,51,0,21.8,21.8,21.8,21.8,171.4,1014.8,99,0,0,23.4,88,930.3,1,1,24.1,21.3
2025-01-30T20:40:00+05:30,2025-01-30 20:40:00,22,22.8,21.8,0,0,21.9,86,1.2,21.8,21.8,21.8,21.8,171.4,1014.5,99,0,0,23.4,88,930,1,1,24.1,21.3
2025-01-30T20:35:00+05:30,2025-01-30 20:35:00,22,22.8,21.8,0.3,1.8,21.9,78,1.2,21.8,21.8,21.8,21.8,171.4,1014.5,99,0,0,23.4,88,930,1,1,24.1,21.3
2025-01-30T20:30:00+05:30,2025-01-30 20:30:00,22.1,23,21.9,4.7,7.2,21.9,205,1.2,21.8,21.8,21.8,21.8,171.4,1014.8,99,0,0,23.4,88,930.3,1,1,24.1,21.3
2025-01-30T20:25:00+05:30,2025-01-30 20:25:00,22.1,23,21.9,1.4,1.8,21.9,87,0,21.6,21.6,21.6,21.6,171.2,1014.5,99,0,0,23.5,88,930,1,1,24.2,21.4
2025-01-30T20:20:00+05:30,2025-01-30 20:20:00,22.1,23,21.9,9.3,13,21.9,240,1.8,21.6,21.6,21.6,21.6,171.2,1014.6,99,0,0,23.5,88,930.1,1,1,24.2,21.4
2025-01-30T20:15:00+05:30,2025-01-30 20:15:00,22.1,23,21.9,0,0,21.9,65,7.8,21.6,21.6,21.6,21.6,171.2,1014.5,99,0,0,23.5,88,930,1,1,24.2,21.4
2025-01-30T20:10:00+05:30,2025-01-30 20:10:00,22.2,23.1,22.1,0,0,21.9,52,9,21.3,21.3,21.3,21.3,170.9,1014.4,99,0,0,23.6,88,929.9,1,1,24.3,21.5
2025-01-30T20:05:00+05:30,2025-01-30 20:05:00,22.3,23.1,22.1,2.9,3.5,21.9,56,6.6,20.6,20.6,20.6,20.6,170.2,1014.2,99,0,0,23.6,88,929.7,1,1,24.3,21.5
2025-01-30T20:00:00+05:30,2025-01-30 20:00:00,22.3,23.1,22.1,0,0,21.9,64,3,19.8,19.8,19.8,19.8,169.4,1014.3,99,0,0,23.6,88,929.8,1,1,24.3,21.5
2025-01-30T19:55:00+05:30,2025-01-30 19:55:00,22.3,23.1,22.1,0,0,21.9,67,1.2,19.5,19.5,19.5,19.5,169.1,1014.2,99,0,0,23.6,88,929.7,1,1,24.3,21.5
2025-01-30T19:50:00+05:30,2025-01-30 19:50:00,22.4,23.3,22.2,0,0,21.9,68,6,19.3,19.3,19.3,19.3,168.9,1013.9,99,0,0,23.7,88,929.4,1,1,24.4,21.6
2025-01-30T19:45:00+05:30,2025-01-30 19:45:00,22.3,23.1,22.1,0,0,21.9,72,7.8,19.3,19.3,19.3,19.3,168.9,1014.1,99,0,0,23.7,88,929.6,1,1,24.4,21.6
2025-01-30T19:40:00+05:30,2025-01-30 19:40:00,22.4,23.3,22.2,0,0,21.9,73,6,18.3,18.3,18.3,18.3,167.9,1014.2,99,0,0,23.7,88,929.7,1,1,24.4,21.6
2025-01-30T19:35:00+05:30,2025-01-30 19:35:00,22.4,23.3,22.2,2.1,3.5,21.9,61,4.2,18,18,18,18,167.6,1013.9,99,0,0,23.7,88,929.4,1,1,24.4,21.6
2025-01-30T19:30:00+05:30,2025-01-30 19:30:00,22.4,23.3,22.2,0,0,21.9,67,7.8,17.3,17.3,17.3,17.3,166.9,1013.9,99,0,0,23.8,88,929.4,1,1,24.5,21.7
2025-01-30T19:25:00+05:30,2025-01-30 19:25:00,22.4,23.3,22.2,0,0,21.9,70,7.8,17.3,17.3,17.3,17.3,166.9,1013.7,99,0,0,23.8,88,929.2,1,1,24.5,21.7
2025-01-30T19:20:00+05:30,2025-01-30 19:20:00,22.4,23.3,22.2,0,0,21.9,70,3,16.2,16.2,16.2,16.2,165.8,1013.9,99,0,0,23.8,88,929.4,1,1,24.5,21.7
2025-01-30T19:15:00+05:30,2025-01-30 19:15:00,22.5,23.4,22.3,0,0,21.9,68,1.8,16,16,16,16,165.6,1013.4,99,0,0,23.8,88,928.9,1,1,24.5,21.7
2025-01-30T19:10:00+05:30,2025-01-30 19:10:00,22.4,23.3,22.2,0,0,21.9,81,0,15.7,15.7,15.7,15.7,165.3,1013.7,99,0,0,23.8,87,929.2,1,1,24.5,21.5
2025-01-30T19:05:00+05:30,2025-01-30 19:05:00,22.5,23.4,22.3,0,0,21.9,88,0,15.7,15.7,15.7,15.7,165.3,1013.6,99,0,0,23.9,87,929.1,1,1,24.6,21.6
2025-01-30T19:00:00+05:30,2025-01-30 19:00:00,22.5,23.4,22.3,0,0,21.9,70,0,15.7,15.7,15.7,15.7,165.3,1013.2,99,0,0,23.8,87,928.7,1,1,24.5,21.5
2025-01-30T18:55:00+05:30,2025-01-30 18:55:00,22.5,23.4,22.3,0,0,21.9,75,0,15.7,15.7,15.7,15.7,165.3,1013.4,99,0,0,23.9,87,928.9,1,1,24.6,21.6
2025-01-30T18:50:00+05:30,2025-01-30 18:50:00,22.5,23.4,22.3,0,0,21.9,80,0,15.7,15.7,15.7,15.7,165.3,1013,99,0,0,23.9,87,928.5,1,1,24.6,21.6
2025-01-30T18:45:00+05:30,2025-01-30 18:45:00,22.6,23.5,22.4,0.3,1.8,21.9,59,1.2,15.7,15.7,15.7,15.7,165.3,1013.1,99,0,0,23.9,87,928.6,1,1,24.6,21.6
2025-01-30T18:40:00+05:30,2025-01-30 18:40:00,22.7,23.6,22.6,0,0,21.9,86,1.2,15.7,15.7,15.7,15.7,165.3,1013.1,99,0,0,23.9,87,928.6,1,1,24.6,21.6
2025-01-30T18:35:00+05:30,2025-01-30 18:35:00,22.7,23.6,22.6,0,0,21.9,76,1.2,15.7,15.7,15.7,15.7,165.3,1013.3,99,0,0,23.9,87,928.8,1,1,24.6,21.6
2025-01-30T18:30:00+05:30,2025-01-30 18:30:00,22.8,23.7,22.6,0,0,21.9,75,1.8,15.5,15.5,15.5,15.5,165.1,1013,99,0,0,24,87,928.5,1,1,24.7,21.7
2025-01-30T18:25:00+05:30,2025-01-30 18:25:00,22.9,23.8,22.6,0,0,21.9,88,1.8,15.5,15.5,15.5,15.5,165.1,1012.8,98,0,0,24,87,928.3,1,1,24.7,21.7
2025-01-30T18:20:00+05:30,2025-01-30 18:20:00,23.1,24,22.6,1.4,3.5,21.9,71,3,15.5,15.5,15.5,15.5,165.1,1012.9,97,0,0,24,87,928.4,1,1,24.7,21.7
2025-01-30T18:15:00+05:30,2025-01-30 18:15:00,23.2,24.1,22.7,0.3,3.5,21.9,66,1.2,15.2,15.2,15.2,15.2,164.8,1012.6,97,0,1.7,24.1,87,928.1,1,1,24.8,21.8
2025-01-30T18:10:00+05:30,2025-01-30 18:10:00,23.3,24.2,22.6,2.1,3.5,21.9,30,0,15,15,15,15,164.6,1012.7,96,0,4.3,24.1,87,928.2,1,1,24.8,21.8
2025-01-30T18:05:00+05:30,2025-01-30 18:05:00,23.4,24.3,22.7,3.5,3.5,21.9,84,0,15,15,15,15,164.6,1012.8,96,0,10.4,24.1,87,928.3,1,1,24.8,21.8
2025-01-30T18:00:00+05:30,2025-01-30 18:00:00,23.4,24.3,22.5,6.1,7.2,21.9,158,0,15,15,15,15,164.6,1012.6,95,0,14.7,24.2,87,928.1,1,1,24.9,21.9
2025-01-30T17:55:00+05:30,2025-01-30 17:55:00,23.6,24.5,22.9,6.4,7.2,21.9,54,0,15,15,15,15,164.6,1012.7,96,0,19.9,24.2,87,928.2,1,1,24.9,21.9
2025-01-30T17:50:00+05:30,2025-01-30 17:50:00,23.6,24.5,22.8,1.1,3.5,21.9,65,0,15,15,15,15,164.6,1012.7,95,0,25.9,24.2,87,928.2,1,1,24.9,21.9
2025-01-30T17:45:00+05:30,2025-01-30 17:45:00,23.6,24.5,22.8,6.4,9.3,21.9,104,0,15,15,15,15,164.6,1012.6,95,0,38.5,24.2,87,928.1,1,1,24.9,21.9
2025-01-30T17:40:00+05:30,2025-01-30 17:40:00,23.7,24.6,22.9,4,5.5,21.9,123,0,15,15,15,15,164.6,1012.5,95,0,47.7,24.2,87,928,1,1,24.9,21.9
2025-01-30T17:35:00+05:30,2025-01-30 17:35:00,23.7,24.6,22.9,0,0,21.9,72,0,15,15,15,15,164.6,1012.6,95,0,54.2,24.2,87,928.1,1,1,24.9,21.9
2025-01-30T17:30:00+05:30,2025-01-30 17:30:00,23.9,24.8,23,0,0,21.9,72,0,15,15,15,15,164.6,1012.5,95,0,62,24.2,87,928,1,1,24.9,21.9
2025-01-30T17:25:00+05:30,2025-01-30 17:25:00,23.9,24.8,23,0,0,21.9,68,0,15,15,15,15,164.6,1012.4,95,0,78.9,24.2,87,927.9,1,1,24.9,21.9
2025-01-30T17:20:00+05:30,2025-01-30 17:20:00,24.3,25.2,23.2,5.5,7.2,21.9,59,0,15,15,15,15,164.6,1012.5,94,0,95.4,24.2,87,928,1,1,24.9,21.9
2025-01-30T17:15:00+05:30,2025-01-30 17:15:00,24.4,25.3,23.4,0,0,21.9,53,0,15,15,15,15,164.6,1012.2,94,1,129.2,24.3,87,927.7,1,1,25.1,21.9
2025-01-30T17:10:00+05:30,2025-01-30 17:10:00,24.4,25.3,23.4,5,5.5,21.9,284,0,15,15,15,15,164.6,1012.3,94,1,142.6,24.2,87,927.8,1,1,24.9,21.9
2025-01-30T17:05:00+05:30,2025-01-30 17:05:00,24.2,25.2,23.2,2.9,5.5,21.9,295,0,15,15,15,15,164.6,1012.1,94,1,137.5,24.2,87,927.6,1,1,24.9,21.9
2025-01-30T17:00:00+05:30,2025-01-30 17:00:00,24.1,25.1,23.4,3.5,3.5,21.9,175,0,15,15,15,15,164.6,1011.9,96,2,214.2,24.2,87,927.4,1,1,24.9,21.9
2025-01-30T16:55:00+05:30,2025-01-30 16:55:00,24,25,23.3,2.6,3.5,21.9,123,0,15,15,15,15,164.6,1011.8,96,1,178.6,24.3,87,927.3,1,1,25.1,21.9
2025-01-30T16:50:00+05:30,2025-01-30 16:50:00,24.1,25.1,23.4,7.9,9.3,21.9,221,0,15,15,15,15,164.6,1012.1,96,0,88.5,24.3,87,927.6,1,1,25.1,21.9
2025-01-30T16:45:00+05:30,2025-01-30 16:45:00,24.1,25.1,23.3,0,0,21.9,58,0,15,15,15,15,164.6,1012,95,0,79.3,24.3,87,927.5,1,1,25.1,21.9
2025-01-30T16:40:00+05:30,2025-01-30 16:40:00,24.3,25.2,23.4,3.5,5.5,21.9,73,0,15,15,15,15,164.6,1012.2,95,0,68.9,24.3,87,927.7,1,1,25.1,21.9
2025-01-30T16:35:00+05:30,2025-01-30 16:35:00,24.9,25.8,23.5,2.9,3.5,21.9,159,0,15,15,15,15,164.6,1012.1,92,0,42.9,24.4,87,927.6,1,1,25.2,22.1
2025-01-30T16:30:00+05:30,2025-01-30 16:30:00,25.1,26.1,23.5,0,0,21.9,76,0,15,15,15,15,164.6,1012.2,91,0,87.6,24.4,87,927.7,1,1,25.2,22.1
2025-01-30T16:25:00+05:30,2025-01-30 16:25:00,24.8,25.7,23.4,3.5,5.5,21.9,103,0,15,15,15,15,164.6,1012.2,92,2,240.8,24.4,87,927.7,1,1,25.2,22.1
2025-01-30T16:20:00+05:30,2025-01-30 16:20:00,24.9,25.8,23.5,0,0,21.9,112,0,15,15,15,15,164.6,1011.8,92,2,215.6,24.3,87,927.3,1,1,25.1,21.9
2025-01-30T16:15:00+05:30,2025-01-30 16:15:00,25.1,26.1,23.7,0,0,21.9,92,0,15,15,15,15,164.6,1011.9,92,1,193.9,24.4,87,927.4,1,1,25.2,22.1
2025-01-30T16:10:00+05:30,2025-01-30 16:10:00,25.4,26.3,23.4,7.2,9.3,21.9,228,0,15,15,15,15,164.6,1012,89,1,137,24.4,87,927.5,1,1,25.2,22.1
2025-01-30T16:05:00+05:30,2025-01-30 16:05:00,25.4,26.3,23.6,0,0,21.9,104,0,15,15,15,15,164.6,1011.7,90,2,296.2,24.4,87,927.2,1,1,25.2,22.1
2025-01-30T16:00:00+05:30,2025-01-30 16:00:00,25.2,26.2,23.5,0,0,21.9,69,0,15,15,15,15,164.6,1011.6,90,2,253.2,24.4,87,927.1,1,1,25.2,22.1
2025-01-30T15:55:00+05:30,2025-01-30 15:55:00,25.6,26.5,23.3,14.8,16.6,21.9,73,0,15,15,15,15,164.6,1012.1,87,1,195.6,24.4,87,927.6,1,1,25.2,22.1
2025-01-30T15:50:00+05:30,2025-01-30 15:50:00,24.9,25.8,23.5,0,0,21.9,64,0,15,15,15,15,164.6,1011.9,92,2,284.6,24.3,87,927.4,1,1,25.1,21.9
2025-01-30T15:45:00+05:30,2025-01-30 15:45:00,25.2,26.2,23.5,0,0,21.9,69,0,15,15,15,15,164.6,1011.6,90,1,163.9,24.3,87,927.1,1,1,25.1,21.9
2025-01-30T15:40:00+05:30,2025-01-30 15:40:00,25.5,26.4,23.5,3.2,3.5,21.9,33,0,15,15,15,15,164.6,1011.9,89,3,307.6,24.3,87,927.4,1,1,25.1,21.9
2025-01-30T15:35:00+05:30,2025-01-30 15:35:00,25.5,26.4,23.5,4,5.5,21.9,298,0,15,15,15,15,164.6,1012,89,5,562.1,24.3,87,927.5,1,1,25.1,21.9
2025-01-30T15:30:00+05:30,2025-01-30 15:30:00,25.1,26,23.2,0,0,21.9,73,0,15,15,15,15,164.6,1011.9,89,1,183.9,24.4,87,927.4,1,1,25.2,22.1
2025-01-30T15:25:00+05:30,2025-01-30 15:25:00,25.1,26,23.2,0.3,1.8,21.9,129,0,15,15,15,15,164.6,1012,89,2,209.1,24.4,87,927.5,1,1,25.2,22.1
2025-01-30T15:20:00+05:30,2025-01-30 15:20:00,25,25.9,23.4,0,0,21.9,71,0,15,15,15,15,164.6,1012,91,1,147.1,24.4,86,927.5,1,1,25.1,21.9
2025-01-30T15:15:00+05:30,2025-01-30 15:15:00,24.8,25.6,22.8,5.8,9.3,21.9,216,0,15,15,15,15,164.6,1011.9,89,2,202.6,24.4,86,927.4,1,1,25.1,21.9
2025-01-30T15:10:00+05:30,2025-01-30 15:10:00,25,25.9,22.9,2.9,3.5,21.9,97,0,15,15,15,15,164.6,1012.1,88,1,163.4,24.4,86,927.6,1,1,25.1,21.9
2025-01-30T15:05:00+05:30,2025-01-30 15:05:00,24.9,25.7,22.8,0,0,21.9,14,0,15,15,15,15,164.6,1012.1,88,1,184.7,24.4,86,927.6,1,1,25.1,21.9
2025-01-30T15:00:00+05:30,2025-01-30 15:00:00,25.2,26.1,22.9,5,7.2,21.9,207,0,15,15,15,15,164.6,1012.2,87,2,254.6,24.4,87,927.7,1,1,25.2,22.1
2025-01-30T14:55:00+05:30,2025-01-30 14:55:00,25.9,26.8,23.4,0,0,21.9,81,0,15,15,15,15,164.6,1012.3,86,2,208.6,24.4,87,927.8,1,1,25.2,22.1
2025-01-30T14:50:00+05:30,2025-01-30 14:50:00,26.2,27.1,23.3,1.8,5.5,21.9,60,0,15,15,15,15,164.6,1012.4,84,2,227.7,24.4,87,927.9,1,1,25.2,22.1
2025-01-30T14:45:00+05:30,2025-01-30 14:45:00,26.8,29.5,23.6,2.9,9.3,21.9,66,0,15,15,15,15,164.6,1012.4,83,6,664.5,24.4,87,927.9,1,1,25.2,22.1
2025-01-30T14:40:00+05:30,2025-01-30 14:40:00,27.3,30.8,24.3,0,0,21.9,43,0,15,15,15,15,164.6,1012.3,84,5,592.5,24.3,87,927.8,1,1,25.1,21.9
2025-01-30T14:35:00+05:30,2025-01-30 14:35:00,26.7,29.2,23.2,4,7.2,21.9,342,0,15,15,15,15,164.6,1012.7,81,8,858.9,24.2,87,928.2,1,1,24.9,21.9
2025-01-30T14:30:00+05:30,2025-01-30 14:30:00,26.3,27.1,23.2,0.3,1.8,21.9,70,0,15,15,15,15,164.6,1012.4,83,7,730.5,24.2,87,927.9,1,1,24.9,21.9
2025-01-30T14:25:00+05:30,2025-01-30 14:25:00,26.4,27.3,23.3,3.5,9.3,21.9,171,0,15,15,15,15,164.6,1012.6,83,7,732.2,24.1,88,928.1,1,1,24.9,22
2025-01-30T14:20:00+05:30,2025-01-30 14:20:00,26.9,29.8,23.7,0,0,21.9,43,0,15,15,15,15,164.6,1012.6,83,4,447.6,24,88,928.1,1,1,24.8,21.9
2025-01-30T14:15:00+05:30,2025-01-30 14:15:00,26.8,29.6,23.8,0,0,21.9,60,0,15,15,15,15,164.6,1012.8,84,7,752.6,24,88,928.3,1,1,24.8,21.9
2025-01-30T14:10:00+05:30,2025-01-30 14:10:00,25.5,26.4,23,1.1,3.5,21.9,66,0,15,15,15,15,164.6,1012.8,86,8,843.3,23.9,88,928.3,1,1,24.6,21.8
2025-01-30T14:05:00+05:30,2025-01-30 14:05:00,25.3,26.1,22.8,1.4,3.5,21.9,84,0,15,15,15,15,164.6,1012.9,86,3,387.3,23.9,88,928.4,1,1,24.6,21.8
2025-01-30T14:00:00+05:30,2025-01-30 14:00:00,25.6,26.5,23.1,0,0,21.9,68,0,15,15,15,15,164.6,1013.1,86,3,386.5,23.8,88,928.6,1,1,24.5,21.7
2025-01-30T13:55:00+05:30,2025-01-30 13:55:00,25.9,26.8,23.4,6.4,9.3,21.9,67,0,15,15,15,15,164.6,1013.3,86,8,825.9,23.7,89,928.8,1,1,24.5,21.8
2025-01-30T13:50:00+05:30,2025-01-30 13:50:00,25.1,25.9,22.8,5.5,7.2,21.9,101,0,15,15,15,15,164.6,1013.3,87,8,905.8,23.6,89,928.8,1,1,24.3,21.7
2025-01-30T13:45:00+05:30,2025-01-30 13:45:00,24.1,25,22.7,0,0,21.9,71,0,15,15,15,15,164.6,1013.4,92,6,676.3,23.6,89,928.9,1,1,24.3,21.7
2025-01-30T13:40:00+05:30,2025-01-30 13:40:00,24.2,25.1,22.8,0,0,21.9,143,0,15,15,15,15,164.6,1013.6,92,1,168.7,23.6,89,929.1,1,1,24.3,21.7
2025-01-30T13:35:00+05:30,2025-01-30 13:35:00,23.9,24.7,22.5,4,5.5,21.9,113,0,15,15,15,15,164.6,1013.6,92,3,315.8,23.6,89,929.1,1,1,24.3,21.7
2025-01-30T13:30:00+05:30,2025-01-30 13:30:00,23.8,24.6,22.4,0.3,1.8,21.9,139,0,15,15,15,15,164.6,1014,92,2,233.3,23.6,89,929.5,1,1,24.3,21.7
2025-01-30T13:25:00+05:30,2025-01-30 13:25:00,24.1,25,22.7,0,0,21.9,68,0,15,15,15,15,164.6,1013.8,92,1,167,23.6,90,929.3,1,1,24.4,21.9
2025-01-30T13:20:00+05:30,2025-01-30 13:20:00,24.5,25.4,23.3,3.5,5.5,21.9,223,0,15,15,15,15,164.6,1013.9,93,2,209.9,23.6,90,929.4,1,1,24.4,21.9
2025-01-30T13:15:00+05:30,2025-01-30 13:15:00,24.4,25.3,23.2,2.1,3.5,21.9,70,0,15,15,15,15,164.6,1013.8,93,6,714,23.5,90,929.3,1,1,24.3,21.8
2025-01-30T13:10:00+05:30,2025-01-30 13:10:00,24.1,25.1,23.3,2.9,3.5,21.9,110,0,15,15,15,15,164.6,1014,95,3,330.1,23.5,90,929.5,1,1,24.3,21.8
2025-01-30T13:05:00+05:30,2025-01-30 13:05:00,24,25,23.3,0,0,21.9,81,0,15,15,15,15,164.6,1014,96,8,888.8,23.5,90,929.5,1,1,24.3,21.8
2025-01-30T13:00:00+05:30,2025-01-30 13:00:00,24.4,25.4,23.9,1.1,1.8,21.9,85,1.8,15,15,15,15,164.6,1014.5,97,3,391.2,23.5,90,930,1,1,24.3,21.8
2025-01-30T12:55:00+05:30,2025-01-30 12:55:00,24.1,25,22.9,4,5.5,21.9,85,1.8,15,15,15,15,164.6,1014.3,93,6,669.3,23.5,90,929.8,1,1,24.3,21.8
2025-01-30T12:50:00+05:30,2025-01-30 12:50:00,25.2,26.2,24,0,0,21.9,72,0,14.7,14.7,14.7,14.7,164.3,1014.6,93,3,336.2,23.5,90,930.1,1,1,24.3,21.8
2025-01-30T12:45:00+05:30,2025-01-30 12:45:00,25.3,26.2,23.7,0,0,21.9,73,0,14.7,14.7,14.7,14.7,164.3,1014.5,91,1,130,23.5,90,930,1,1,24.3,21.8
2025-01-30T12:40:00+05:30,2025-01-30 12:40:00,25.8,26.7,23.4,0,0,21.9,76,0,14.7,14.7,14.7,14.7,164.3,1014.5,87,1,194.8,23.5,90,930,1,1,24.3,21.8
2025-01-30T12:35:00+05:30,2025-01-30 12:35:00,26.4,27.4,24.2,0,0,21.9,157,0,14.7,14.7,14.7,14.7,164.3,1014.4,88,3,314,23.4,90,929.9,1,1,24.1,21.7
2025-01-30T12:30:00+05:30,2025-01-30 12:30:00,26.9,29.9,24.1,0.3,1.8,21.9,202,0,14.7,14.7,14.7,14.7,164.3,1014.6,85,3,350.5,23.3,90,930.1,1,1,24,21.6
2025-01-30T12:25:00+05:30,2025-01-30 12:25:00,25.7,26.7,24.1,0,0,21.9,71,0,14.7,14.7,14.7,14.7,164.3,1014.7,91,10,1088.4,23.3,90,930.2,1,1,24,21.6
2025-01-30T12:20:00+05:30,2025-01-30 12:20:00,25.6,26.5,23.5,1.1,3.5,21.9,100,0,14.7,14.7,14.7,14.7,164.3,1014.7,88,4,447.3,23.3,89,930.2,1,1,24,21.3
2025-01-30T12:15:00+05:30,2025-01-30 12:15:00,25.3,26.2,23.1,5.5,9.3,21.9,203,0,14.7,14.7,14.7,14.7,164.3,1014.9,88,3,343,23.3,90,930.4,1,1,24,21.6
2025-01-30T12:10:00+05:30,2025-01-30 12:10:00,24.8,25.6,22.8,5.5,7.2,21.9,345,0,14.7,14.7,14.7,14.7,164.3,1014.9,89,4,444.6,23.2,90,930.4,1,1,23.9,21.5
2025-01-30T12:05:00+05:30,2025-01-30 12:05:00,25,25.9,23.1,0.3,1.8,21.9,57,0,14.7,14.7,14.7,14.7,164.3,1015,89,2,208.6,23.3,90,930.5,1,1,24,21.6
2025-01-30T12:00:00+05:30,2025-01-30 12:00:00,25.5,26.5,23.7,1.1,1.8,21.9,111,0,14.7,14.7,14.7,14.7,164.3,1015.2,90,2,213,23.3,90,930.7,1,1,24,21.6
2025-01-30T11:55:00+05:30,2025-01-30 11:55:00,26.4,27.3,23.9,2.9,7.2,21.9,85,0,14.7,14.7,14.7,14.7,164.3,1015.1,86,2,294.9,23.3,90,930.6,1,1,24,21.6
2025-01-30T11:50:00+05:30,2025-01-30 11:50:00,27.2,30.7,24.3,0,0,21.9,68,3,14.7,14.7,14.7,14.7,164.3,1015.2,84,5,528.4,23.2,90,930.7,1,1,23.9,21.5
2025-01-30T11:45:00+05:30,2025-01-30 11:45:00,27.3,32.1,25.7,0,0,21.9,90,6,14.7,14.7,14.7,14.7,164.3,1015.5,91,1,109.7,23.2,90,931,1,1,23.9,21.5
2025-01-30T11:40:00+05:30,2025-01-30 11:40:00,27.6,33.2,26.2,0,0,21.9,222,70.2,14.2,14.2,14.2,14.2,163.8,1015.7,92,0,45.9,23.2,90,931.2,1,1,23.9,21.5
2025-01-30T11:35:00+05:30,2025-01-30 11:35:00,26.6,27.8,25.7,0,0,21.9,94,82.2,13.7,13.7,13.7,13.7,163.3,1015.6,95,0,71.9,23.1,90,931.1,1,1,23.8,21.4
2025-01-30T11:30:00+05:30,2025-01-30 11:30:00,25.9,26.9,24.1,0,0,21.9,68,31.8,5.3,5.3,5.3,5.3,154.9,1015.5,90,0,46.4,23.1,90,931,1,1,23.8,21.4
2025-01-30T11:25:00+05:30,2025-01-30 11:25:00,25.7,26.8,24.3,5,9.3,21.9,75,0,0,0,0,0,149.6,1015.7,92,3,305.8,23.1,90,931.2,1,1,23.8,21.4
2025-01-30T11:20:00+05:30,2025-01-30 11:20:00,25.2,26.2,24,0,0,21.9,53,0,0,0,0,0,149.6,1016.1,93,8,876.7,23.1,90,931.6,1,1,23.8,21.4
2025-01-30T11:15:00+05:30,2025-01-30 11:15:00,24.9,25.9,23.9,0,0,21.9,60,0,0,0,0,0,149.6,1016.1,94,10,1101.9,23.1,91,931.6,1,1,23.8,21.6
2025-01-30T11:10:00+05:30,2025-01-30 11:10:00,24.4,25.3,23.4,0,0,21.9,55,0,0,0,0,0,149.6,1016,94,2,245.5,22.9,91,931.5,1,1,23.6,21.3
2025-01-30T11:09:00+05:30,2025-01-30 11:09:00,24.3,25.2,23.2,2.9,5.5,21.9,54,0,0,0,0,0,149.6,1016,94,3,361.7,23,91,931.5,1,1,23.7,21.4