"Date","Simple Date","Outdoor Temperature (°C)","Feels Like (°C)","Dew Point (°C)","Wind Speed (km/hr)","Wind Gust (km/hr)","Max Daily Gust (km/hr)","Wind Direction (°)","Rain Rate (mm/hr)","Event Rain (mm)","Daily Rain (mm)","Weekly Rain (mm)","Monthly Rain (mm)","Yearly Rain (mm)","Humidity (%)","Ultra-Violet Radiation Index","Solar Radiation (W/m^2)","Sensor 4 Temperature (°C)","Sensor 4 Humidity (%)","Sensor 4 Heat Index (°C)","Outdoor Battery","Avg Wind Direction (10 mins) (°)","Avg Wind Speed (10 mins) (km/hr)","Sensor 4 Battery","CO2 battery","Sensor 4 Dew Point (°C)"
2026-08-07T14:50:00+05:30,2026-08-07 14:50:00,26.4,27.2,22.9,5.5,20.1,31.4,276,0,0.3,0.8,105,156.5,1176.6,81,3,326.9,26.3,79,27,1,279,8.2,1,1,22.3
2026-08-07T14:45:00+05:30,2026-08-07 14:45:00,26.2,27,22.5,10.5,21.9,31.4,338,0,0.3,0.8,105,156.5,1176.6,80,2,282.9,26.3,80,27.1,1,299,9,1,1,22.6
2026-08-07T14:40:00+05:30,2026-08-07 14:40:00,26.3,27.1,23,8.7,20.1,31.4,283,0,0.3,0.8,105,156.5,1176.6,82,3,353.7,26.2,80,27,1,219,8.7,1,1,22.5
2026-08-07T14:35:00+05:30,2026-08-07 14:35:00,26.1,26.9,23,11.1,21.9,31.4,285,0,0.3,0.8,105,156.5,1176.6,83,4,508.3,26.2,80,27,1,285,9,1,1,22.5
2026-08-07T14:30:00+05:30,2026-08-07 14:30:00,26,26.8,22.9,9.7,18.3,31.4,8,0,0.3,0.8,105,156.5,1176.6,83,4,437.5,26.2,80,27,1,277,6.1,1,1,22.5
2026-08-07T14:25:00+05:30,2026-08-07 14:25:00,25.4,26.2,22.7,9.7,16.6,31.4,273,0,0.3,0.8,105,156.5,1176.6,85,1,172.3,26.2,80,27,1,273,6.1,1,1,22.5
2026-08-07T14:20:00+05:30,2026-08-07 14:20:00,25.3,26.1,22.6,14.3,23.8,31.4,268,0,0.3,0.8,105,156.5,1176.6,85,1,198.4,26.3,80,27.1,1,268,4,1,1,22.6
2026-08-07T14:15:00+05:30,2026-08-07 14:15:00,25.2,26.1,23.1,4,7.2,31.4,310,0,0.3,0.8,105,156.5,1176.6,88,1,199.9,26.3,80,27.1,1,272,6.1,1,1,22.6
2026-08-07T14:10:00+05:30,2026-08-07 14:10:00,25.2,26.1,22.9,9.7,25.6,31.4,279,1.8,0.3,0.8,105,156.5,1176.6,87,2,221,26.4,80,27.2,1,273,4.3,1,1,22.7
2026-08-07T14:05:00+05:30,2026-08-07 14:05:00,25.8,26.7,23.3,1.4,7.2,31.4,252,1.8,0.3,0.8,105,156.5,1176.6,86,0,31.2,26.4,80,27.2,1,292,4,1,1,22.7
2026-08-07T14:00:00+05:30,2026-08-07 14:00:00,26.4,27.3,23.3,5.5,7.2,31.4,306,0,0,0.5,104.7,156.2,1176.3,83,0,38.1,26.4,80,27.2,1,287,5.8,1,1,22.7
2026-08-07T13:55:00+05:30,2026-08-07 13:55:00,26.7,29.2,23.2,6.1,9.3,31.4,263,0,0,0.5,104.7,156.2,1176.3,81,1,162.3,26.4,80,27.2,1,280,5.8,1,1,22.7
2026-08-07T13:50:00+05:30,2026-08-07 13:50:00,26.7,29.3,23.4,1.1,9.3,31.4,281,0,0,0.5,104.7,156.2,1176.3,82,2,245.2,26.4,80,27.2,1,281,5.5,1,1,22.7
2026-08-07T13:45:00+05:30,2026-08-07 13:45:00,26.8,29.3,23,6.4,9.3,31.4,321,0,0,0.5,104.7,156.2,1176.3,80,2,299.8,26.4,80,27.2,1,310,5.5,1,1,22.7
2026-08-07T13:40:00+05:30,2026-08-07 13:40:00,26.5,27.3,23,6.9,13,31.4,244,0,0,0.5,104.7,156.2,1176.3,81,2,282.1,26.4,80,27.2,1,280,5,1,1,22.7
2026-08-07T13:35:00+05:30,2026-08-07 13:35:00,26.7,29.2,23.2,0.3,3.5,31.4,332,0,0,0.5,104.7,156.2,1176.3,81,2,303.1,26.4,80,27.2,1,286,5,1,1,22.7
2026-08-07T13:30:00+05:30,2026-08-07 13:30:00,26.4,27.2,22.9,2.1,18.3,31.4,286,0,0,0.5,104.7,156.2,1176.3,81,2,273.7,26.4,80,27.2,1,286,6.4,1,1,22.7
2026-08-07T13:25:00+05:30,2026-08-07 13:25:00,26.3,27.1,23,6.1,11.1,31.4,262,0,0,0.5,104.7,156.2,1176.3,82,3,382.8,26.4,80,27.2,1,272,4.3,1,1,22.7
2026-08-07T13:20:00+05:30,2026-08-07 13:20:00,26.4,27.3,23.3,0,3.5,31.4,285,0,0,0.5,104.7,156.2,1176.3,83,1,156.8,26.3,80,27.1,1,301,3.2,1,1,22.6
2026-08-07T13:15:00+05:30,2026-08-07 13:15:00,26.6,27.5,23.3,1.8,3.5,31.4,275,0,0,0.5,104.7,156.2,1176.3,82,1,137.1,26.3,80,27.1,1,267,4.3,1,1,22.6
2026-08-07T13:10:00+05:30,2026-08-07 13:10:00,26.7,29.3,23.4,5.5,13,31.4,235,0,0,0.5,104.7,156.2,1176.3,82,2,211.5,26.3,80,27.1,1,262,5.5,1,1,22.6
2026-08-07T13:05:00+05:30,2026-08-07 13:05:00,27,29.8,23.5,9.3,14.8,31.4,251,0,0,0.5,104.7,156.2,1176.3,81,1,182.8,26.3,80,27.1,1,282,5.8,1,1,22.6
2026-08-07T13:00:00+05:30,2026-08-07 13:00:00,26.7,29.3,23.4,2.1,9.3,31.4,286,0,0,0.5,104.7,156.2,1176.3,82,4,437.9,26.2,80,27,1,282,9.3,1,1,22.5
2026-08-07T12:55:00+05:30,2026-08-07 12:55:00,26.6,27.5,23.3,15.1,29.5,31.4,264,0,0,0.5,104.7,156.2,1176.3,82,5,514.3,26.2,80,27,1,283,9.7,1,1,22.5
2026-08-07T12:50:00+05:30,2026-08-07 12:50:00,27,29.7,23.2,13,27.7,31.4,278,0,0,0.5,104.7,156.2,1176.3,80,4,418.4,26.1,81,26.9,1,283,4,1,1,22.6
2026-08-07T12:45:00+05:30,2026-08-07 12:45:00,26.7,29.3,23.4,5.5,9.3,31.4,292,0,0,0.5,104.7,156.2,1176.3,82,3,340.4,26.1,81,26.9,1,266,4.7,1,1,22.6
2026-08-07T12:40:00+05:30,2026-08-07 12:40:00,26.7,29.2,23.2,6.1,18.3,31.4,219,0,0,0.5,104.7,156.2,1176.3,81,2,307.8,26,81,26.8,1,274,6.4,1,1,22.5
2026-08-07T12:35:00+05:30,2026-08-07 12:35:00,26.6,27.5,23.3,13.7,16.6,31.4,295,0,0,0.5,104.7,156.2,1176.3,82,3,387.6,26,81,26.8,1,272,6.4,1,1,22.5
2026-08-07T12:30:00+05:30,2026-08-07 12:30:00,26.2,27.1,23.1,4.7,9.3,31.4,242,0,0,0.5,104.7,156.2,1176.3,83,3,367.3,26,81,26.8,1,272,5.8,1,1,22.5
2026-08-07T12:25:00+05:30,2026-08-07 12:25:00,26.3,27.2,23.4,3.5,13,31.4,257,0,0,0.5,104.7,156.2,1176.3,84,2,278.7,25.9,81,26.7,1,257,5.5,1,1,22.4
2026-08-07T12:20:00+05:30,2026-08-07 12:20:00,26.3,27.1,23.2,14.8,18.3,31.4,292,0,0,0.5,104.7,156.2,1176.3,83,3,351.3,25.9,81,26.7,1,263,4.3,1,1,22.4
2026-08-07T12:15:00+05:30,2026-08-07 12:15:00,26.2,27.1,23.3,0,3.5,31.4,355,0,0,0.5,104.7,156.2,1176.3,84,2,287.8,25.9,81,26.7,1,266,5.5,1,1,22.4
2026-08-07T12:10:00+05:30,2026-08-07 12:10:00,26.2,27.1,23.3,4.7,11.1,31.4,207,0,0,0.5,104.7,156.2,1176.3,84,2,262,25.8,81,26.5,1,283,5,1,1,22.3
2026-08-07T12:05:00+05:30,2026-08-07 12:05:00,25.8,26.6,23.1,5,9.3,31.4,1,0,0,0.5,104.7,156.2,1176.3,85,4,419.2,25.8,81,26.5,1,279,3.5,1,1,22.3
2026-08-07T12:00:00+05:30,2026-08-07 12:00:00,25.9,26.8,23.4,0.3,5.5,31.4,199,0,0,0.5,104.7,156.2,1176.3,86,1,160.5,25.7,81,26.4,1,267,3.5,1,1,22.2
2026-08-07T11:55:00+05:30,2026-08-07 11:55:00,26,26.8,23.1,4.7,11.1,31.4,314,0,0,0.5,104.7,156.2,1176.3,84,1,153.8,25.7,81,26.4,1,287,3.5,1,1,22.2
2026-08-07T11:50:00+05:30,2026-08-07 11:50:00,26.2,27.1,23.1,5.5,13,31.4,320,0,0,0.5,104.7,156.2,1176.3,83,2,255,25.7,81,26.4,1,287,5.5,1,1,22.2
2026-08-07T11:45:00+05:30,2026-08-07 11:45:00,26.1,27,23.2,5.5,18.3,31.4,272,0,0,0.5,104.7,156.2,1176.3,84,3,351.6,25.6,81,26.3,1,282,6.1,1,1,22.1
2026-08-07T11:40:00+05:30,2026-08-07 11:40:00,25.8,26.6,22.9,10.1,20.1,31.4,227,0,0,0.5,104.7,156.2,1176.3,84,3,378.6,25.6,81,26.3,1,299,4,1,1,22.1
2026-08-07T11:35:00+05:30,2026-08-07 11:35:00,25.8,26.6,23.1,0,5.5,31.4,334,0,0,0.5,104.7,156.2,1176.3,85,2,257.9,25.6,81,26.3,1,303,2.6,1,1,22.1
2026-08-07T11:30:00+05:30,2026-08-07 11:30:00,25.6,26.4,22.9,1.8,9.3,31.4,267,0,0,0.5,104.7,156.2,1176.3,85,2,253.2,25.6,81,26.3,1,320,1.4,1,1,22.1
2026-08-07T11:26:00+05:30,2026-08-07 11:26:00,25.5,26.3,22.8,5.8,11.1,31.4,271,0,0,0.5,104.7,156.2,1176.3,85,1,168.9,25.5,81,26.2,1,291,2.1,1,1,22
2026-08-07T11:20:00+05:30,2026-08-07 11:20:00,25.2,26.1,22.9,0.3,7.2,31.4,282,0,0,0.5,104.7,156.2,1176.3,87,1,182.6,25.4,81,26.1,1,282,4,1,1,21.9
2026-08-07T11:15:00+05:30,2026-08-07 11:15:00,25.1,25.9,22.8,6.4,7.2,31.4,303,0,0,0.5,104.7,156.2,1176.3,87,1,133,25.5,81,26.2,1,277,5.8,1,1,22
2026-08-07T11:10:00+05:30,2026-08-07 11:10:00,25.3,26.1,22.8,7.2,13,31.4,329,0,0,0.5,104.7,156.2,1176.3,86,1,143.9,25.4,81,26.1,1,309,7.2,1,1,21.9
2026-08-07T11:05:00+05:30,2026-08-07 11:05:00,25.5,26.3,22.8,9,21.9,31.4,246,0,0,0.5,104.7,156.2,1176.3,85,2,208.5,25.4,81,26.1,1,276,7.9,1,1,21.9
2026-08-07T11:02:00+05:30,2026-08-07 11:02:00,25.4,26.2,22.7,7.9,11.1,31.4,247,0,0,0.5,104.7,156.2,1176.3,85,3,309,25.4,81,26.1,1,310,7.2,1,1,21.9
2026-08-07T10:55:00+05:30,2026-08-07 10:55:00,25.5,26.3,22.8,6.9,13,31.4,305,0,0,0.5,104.7,156.2,1176.3,85,1,189.1,25.4,81,26.1,1,305,1.4,1,1,21.9
2026-08-07T10:50:00+05:30,2026-08-07 10:50:00,25.3,26.1,22.8,0.3,3.5,31.4,294,0,8.4,0.5,104.7,156.2,1176.3,86,2,217.8,25.4,81,26.1,1,313,3.5,1,1,21.9
2026-08-07T10:45:00+05:30,2026-08-07 10:45:00,25.2,26,22.7,10.5,13,31.4,269,0,8.4,0.5,104.7,156.2,1176.3,86,1,168.1,25.4,81,26.1,1,299,6.4,1,1,21.9
2026-08-07T10:40:00+05:30,2026-08-07 10:40:00,25.1,25.9,22.6,3.5,9.3,31.4,291,0,8.4,0.5,104.7,156.2,1176.3,86,1,173.1,25.3,81,26,1,291,6.4,1,1,21.8
2026-08-07T10:35:00+05:30,2026-08-07 10:35:00,25,25.8,22.7,6.4,18.3,31.4,34,0,8.4,0.5,104.7,156.2,1176.3,87,2,218.9,25.3,82,26,1,299,6.4,1,1,22
2026-08-07T10:30:00+05:30,2026-08-07 10:30:00,25,25.8,22.7,4,11.1,31.4,233,0,8.4,0.5,104.7,156.2,1176.3,87,1,140.4,25.3,82,26,1,333,4.7,1,1,22
2026-08-07T10:25:00+05:30,2026-08-07 10:25:00,25.2,26.1,22.9,2.9,9.3,31.4,282,0,8.4,0.5,104.7,156.2,1176.3,87,1,160.3,25.3,82,26,1,334,2.6,1,1,22
2026-08-07T10:20:00+05:30,2026-08-07 10:20:00,25,25.9,22.9,7.6,13,31.4,239,0,8.4,0.5,104.7,156.2,1176.3,88,2,238.6,25.3,82,26,1,286,6.4,1,1,22
2026-08-07T10:15:00+05:30,2026-08-07 10:15:00,25,25.8,22.7,10.1,18.3,31.4,279,0,8.4,0.5,104.7,156.2,1176.3,87,1,137.5,25.2,81,25.9,1,286,6.4,1,1,21.7
2026-08-07T10:10:00+05:30,2026-08-07 10:10:00,24.9,25.7,22.6,4,14.8,25.6,283,0,8.4,0.5,104.7,156.2,1176.3,87,3,323.2,25.2,81,25.9,1,302,4.7,1,1,21.7
2026-08-07T10:05:00+05:30,2026-08-07 10:05:00,24.5,25.3,22.6,4.3,14.8,25.6,266,0,8.4,0.5,104.7,156.2,1176.3,89,1,117.4,25.2,81,25.9,1,287,6.1,1,1,21.7
2026-08-07T10:00:00+05:30,2026-08-07 10:00:00,24.5,25.3,22.6,1.4,9.3,25.6,10,0,8.4,0.5,104.7,156.2,1176.3,89,1,117.4,25.2,81,25.9,1,273,6.1,1,1,21.7
2026-08-07T09:55:00+05:30,2026-08-07 09:55:00,24.5,25.3,22.6,8.2,13,25.6,280,0,8.4,0.5,104.7,156.2,1176.3,89,1,113.8,25.2,81,25.9,1,280,4.7,1,1,21.7
2026-08-07T09:50:00+05:30,2026-08-07 09:50:00,24.5,25.3,22.6,0.3,7.2,25.6,216,0,8.4,0.5,104.7,156.2,1176.3,89,1,164.4,25.2,81,25.9,1,285,4.7,1,1,21.7
2026-08-07T09:45:00+05:30,2026-08-07 09:45:00,24.5,25.3,22.6,13.7,18.3,25.6,275,0,8.4,0.5,104.7,156.2,1176.3,89,1,112,25.2,81,25.9,1,269,5.5,1,1,21.7
2026-08-07T09:40:00+05:30,2026-08-07 09:40:00,24.4,25.2,22.5,1.1,11.1,25.6,132,0,8.4,0.5,104.7,156.2,1176.3,89,0,75.9,25.2,81,25.9,1,294,3.5,1,1,21.7
2026-08-07T09:35:00+05:30,2026-08-07 09:35:00,24.4,25.2,22.5,12.2,16.6,25.6,328,0,8.4,0.5,104.7,156.2,1176.3,89,1,190,25.2,81,25.9,1,334,3.2,1,1,21.7
2026-08-07T09:30:00+05:30,2026-08-07 09:30:00,24.4,25.2,22.5,4,11.1,25.6,279,0,8.4,0.5,104.7,156.2,1176.3,89,1,105.1,25.1,81,25.8,1,288,4,1,1,21.6
2026-08-07T09:25:00+05:30,2026-08-07 09:25:00,24.4,25.2,22.5,6.9,13,25.6,200,0,8.4,0.5,104.7,156.2,1176.3,89,1,158.4,25.1,81,25.8,1,282,5.8,1,1,21.6
2026-08-07T09:20:00+05:30,2026-08-07 09:20:00,24.3,25.1,22.3,7.2,16.6,25.6,274,0,8.4,0.5,104.7,156.2,1176.3,89,1,119,25.1,81,25.8,1,293,4,1,1,21.6
2026-08-07T09:15:00+05:30,2026-08-07 09:15:00,24.2,25.1,22.5,1.1,5.5,25.6,230,0,8.4,0.5,104.7,156.2,1176.3,90,1,157.4,25,82,25.7,1,285,5,1,1,21.7
2026-08-07T09:10:00+05:30,2026-08-07 09:10:00,24.1,24.9,22.4,14.8,21.9,25.6,299,0,8.4,0.5,104.7,156.2,1176.3,90,0,89.7,25,81,25.7,1,285,6.1,1,1,21.5
2026-08-07T09:05:00+05:30,2026-08-07 09:05:00,24.2,25.1,22.5,6.4,18.3,25.6,213,0,8.4,0.5,104.7,156.2,1176.3,90,1,111,25,81,25.7,1,253,4,1,1,21.5
2026-08-07T09:00:00+05:30,2026-08-07 09:00:00,24.3,25.1,22.5,0,3.5,25.6,354,0,8.4,0.5,104.7,156.2,1176.3,90,0,87.9,25,81,25.7,1,320,2.9,1,1,21.5
2026-08-07T08:55:00+05:30,2026-08-07 08:55:00,24.4,25.2,22.5,7.2,11.1,25.6,261,0,8.4,0.5,104.7,156.2,1176.3,89,0,70.1,25,81,25.7,1,289,3.5,1,1,21.5
2026-08-07T08:50:00+05:30,2026-08-07 08:50:00,24.4,25.2,22.3,0.3,14.8,25.6,266,0,8.4,0.5,104.7,156.2,1176.3,88,1,124.3,25,81,25.7,1,266,6.1,1,1,21.5
2026-08-07T08:45:00+05:30,2026-08-07 08:45:00,24.2,25,22.3,7.2,20.1,25.6,258,0,8.4,0.5,104.7,156.2,1176.3,89,1,169.8,24.9,81,25.6,1,275,4.7,1,1,21.4
2026-08-07T08:40:00+05:30,2026-08-07 08:40:00,24.1,24.9,22.2,5.8,9.3,25.6,240,0,8.4,0.5,104.7,156.2,1176.3,89,1,123,24.9,81,25.6,1,320,4,1,1,21.4
2026-08-07T08:35:00+05:30,2026-08-07 08:35:00,24.1,24.9,22.2,0.6,11.1,25.6,340,0,8.4,0.5,104.7,156.2,1176.3,89,0,68.2,25,81,25.7,1,309,3.5,1,1,21.5
2026-08-07T08:30:00+05:30,2026-08-07 08:30:00,24,24.8,22.1,7.2,14.8,25.6,268,0,8.4,0.5,104.7,156.2,1176.3,89,0,76.2,25,81,25.7,1,316,2.9,1,1,21.5
2026-08-07T08:25:00+05:30,2026-08-07 08:25:00,23.9,24.7,22,5.5,16.6,25.6,323,0,8.4,0.5,104.7,156.2,1176.3,89,0,60,25,81,25.7,1,285,5,1,1,21.5
2026-08-07T08:20:00+05:30,2026-08-07 08:20:00,23.9,24.7,22,1.8,3.5,25.6,305,0,8.4,0.5,104.7,156.2,1176.3,89,0,78.3,24.9,81,25.6,1,285,2.9,1,1,21.4
2026-08-07T08:15:00+05:30,2026-08-07 08:15:00,23.8,24.5,21.9,0,3.5,25.6,0,0,8.4,0.5,104.7,156.2,1176.3,89,0,55.3,24.9,81,25.6,1,295,1.4,1,1,21.4
2026-08-07T08:10:00+05:30,2026-08-07 08:10:00,23.8,24.5,21.9,0,5.5,25.6,295,0,8.4,0.5,104.7,156.2,1176.3,89,0,40.1,24.9,81,25.6,1,302,2.6,1,1,21.4
2026-08-07T08:05:00+05:30,2026-08-07 08:05:00,23.8,24.6,22,6.4,9.3,25.6,358,0,8.4,0.5,104.7,156.2,1176.3,90,0,29.5,24.9,81,25.6,1,278,5.8,1,1,21.4
2026-08-07T08:00:00+05:30,2026-08-07 08:00:00,23.8,24.6,22,7.6,18.3,25.6,272,0,8.4,0.5,104.7,156.2,1176.3,90,0,31,25,81,25.7,1,278,6.1,1,1,21.5
2026-08-07T07:55:00+05:30,2026-08-07 07:55:00,23.8,24.5,21.9,2.1,7.2,25.6,87,0,8.4,0.5,104.7,156.2,1176.3,89,0,52.9,24.9,81,25.6,1,325,2.1,1,1,21.4
2026-08-07T07:50:00+05:30,2026-08-07 07:50:00,23.8,24.6,22,1.8,7.2,25.6,328,0,8.4,0.5,104.7,156.2,1176.3,90,0,46,24.9,81,25.6,1,310,2.1,1,1,21.4
2026-08-07T07:45:00+05:30,2026-08-07 07:45:00,23.8,24.6,22,0.3,3.5,25.6,244,0,8.4,0.5,104.7,156.2,1176.3,90,0,29.7,25,81,25.7,1,315,1.1,1,1,21.5
2026-08-07T07:40:00+05:30,2026-08-07 07:40:00,23.8,24.6,22,0.3,5.5,25.6,105,0,8.4,0.5,104.7,156.2,1176.3,90,0,31.6,25,81,25.7,1,284,1.1,1,1,21.5
2026-08-07T07:35:00+05:30,2026-08-07 07:35:00,23.9,24.7,22.1,1.1,5.5,25.6,89,0,8.4,0.5,104.7,156.2,1176.3,90,0,9,25,81,25.7,1,280,0,1,1,21.5
2026-08-07T07:30:00+05:30,2026-08-07 07:30:00,23.9,24.7,22.1,0,7.2,25.6,303,0,8.4,0.5,104.7,156.2,1176.3,90,0,28.2,25,81,25.7,1,316,0,1,1,21.5
2026-08-07T07:25:00+05:30,2026-08-07 07:25:00,23.7,24.5,22,0,1.8,25.6,318,0,8.4,0.5,104.7,156.2,1176.3,90,0,65.3,25,81,25.7,1,318,0.3,1,1,21.5
2026-08-07T07:20:00+05:30,2026-08-07 07:20:00,23.8,24.6,22.2,0,1.8,25.6,101,0,8.4,0.5,104.7,156.2,1176.3,91,0,34.1,25,81,25.7,1,309,1.4,1,1,21.5
2026-08-07T07:15:00+05:30,2026-08-07 07:15:00,23.7,24.5,22.2,0,9.3,25.6,305,0,8.4,0.5,104.7,156.2,1176.3,91,0,37.3,25,81,25.7,1,305,2.1,1,1,21.5
2026-08-07T07:10:00+05:30,2026-08-07 07:10:00,23.7,24.5,22.2,3.5,7.2,25.6,178,0,8.4,0.5,104.7,156.2,1176.3,91,0,27.8,25,81,25.7,1,283,0,1,1,21.5
2026-08-07T07:05:00+05:30,2026-08-07 07:05:00,23.7,24.5,22.2,1.4,1.8,25.6,223,0,8.4,0.5,104.7,156.2,1176.3,91,0,13,25,81,25.7,1,283,0.3,1,1,21.5
2026-08-07T07:00:00+05:30,2026-08-07 07:00:00,23.7,24.5,22,0.3,3.5,25.6,321,0,8.4,0.5,104.7,156.2,1176.3,90,0,34.6,25,81,25.7,1,282,1.1,1,1,21.5
2026-08-07T06:55:00+05:30,2026-08-07 06:55:00,23.7,24.5,22.2,0.3,3.5,25.6,291,0,8.4,0.5,104.7,156.2,1176.3,91,0,25.1,25,81,25.7,1,307,1.4,1,1,21.5
2026-08-07T06:50:00+05:30,2026-08-07 06:50:00,23.6,24.4,22.1,2.9,9.3,25.6,259,0,8.4,0.5,104.7,156.2,1176.3,91,0,23.8,25,81,25.7,1,308,1.4,1,1,21.5
2026-08-07T06:45:00+05:30,2026-08-07 06:45:00,23.5,24.3,22.1,0,1.8,25.6,302,0,8.4,0.5,104.7,156.2,1176.3,92,0,37,25,81,25.7,1,302,0,1,1,21.5
2026-08-07T06:40:00+05:30,2026-08-07 06:40:00,23.4,24.2,22.2,0,5.5,25.6,252,0,8.4,0.5,104.7,156.2,1176.3,93,0,24.1,25,81,25.7,1,76,0,1,1,21.5
2026-08-07T06:35:00+05:30,2026-08-07 06:35:00,23.4,24.2,22.2,0,7.2,25.6,259,0,8.4,0.5,104.7,156.2,1176.3,93,0,13.7,25,81,25.7,1,76,0,1,1,21.5
2026-08-07T06:30:00+05:30,2026-08-07 06:30:00,23.4,24.2,22.2,0,3.5,25.6,303,0,8.4,0.5,104.7,156.2,1176.3,93,0,10.2,24.9,81,25.6,1,303,0,1,1,21.4
2026-08-07T06:25:00+05:30,2026-08-07 06:25:00,23.3,24.1,22.1,0.3,1.8,25.6,297,0,8.4,0.5,104.7,156.2,1176.3,93,0,5.3,25,81,25.7,1,330,0,1,1,21.5
2026-08-07T06:20:00+05:30,2026-08-07 06:20:00,23.3,24.1,22.3,0,0,25.6,309,0,8.4,0.5,104.7,156.2,1176.3,94,0,2.7,24.9,81,25.6,1,309,0,1,1,21.4
2026-08-07T06:15:00+05:30,2026-08-07 06:15:00,23.3,24.1,22.3,0.3,3.5,25.6,287,0,8.4,0.5,104.7,156.2,1176.3,94,0,1.1,25,81,25.7,1,300,0,1,1,21.5
2026-08-07T06:10:00+05:30,2026-08-07 06:10:00,23.3,24.1,22.3,0,0,25.6,344,0,8.4,0.5,104.7,156.2,1176.3,94,0,1,25,81,25.7,1,337,0,1,1,21.5
2026-08-07T06:05:00+05:30,2026-08-07 06:05:00,23.3,24.1,22.3,0,0,25.6,292,0,8.4,0.5,104.7,156.2,1176.3,94,0,1,25,81,25.7,1,292,0,1,1,21.5
2026-08-07T06:00:00+05:30,2026-08-07 06:00:00,23.3,24.1,22.3,1.1,1.8,25.6,325,0,8.4,0.5,104.7,156.2,1176.3,94,0,0.4,25,81,25.7,1,298,0.3,1,1,21.5
2026-08-07T05:55:00+05:30,2026-08-07 05:55:00,23.3,24.1,22.1,0,0,25.6,305,0,8.4,0.5,104.7,156.2,1176.3,93,0,0.3,24.9,81,25.6,1,298,0.6,1,1,21.4
2026-08-07T05:50:00+05:30,2026-08-07 05:50:00,23.3,24.1,22.1,4,5.5,25.6,273,0,8.4,0.5,104.7,156.2,1176.3,93,0,0.1,25,81,25.7,1,338,1.1,1,1,21.5
2026-08-07T05:45:00+05:30,2026-08-07 05:45:00,23.4,24.2,22.2,4.3,5.5,25.6,314,0,8.4,0.5,104.7,156.2,1176.3,93,0,0,25,81,25.7,1,293,1.4,1,1,21.5
2026-08-07T05:40:00+05:30,2026-08-07 05:40:00,23.4,24.2,22.2,0.3,11.1,25.6,213,0,8.4,0.5,104.7,156.2,1176.3,93,0,0,25,81,25.7,1,292,2.1,1,1,21.5
2026-08-07T05:35:00+05:30,2026-08-07 05:35:00,23.4,24.2,22,2.6,11.1,25.6,297,0,8.4,0.5,104.7,156.2,1176.3,92,0,0,25,81,25.7,1,292,1.4,1,1,21.5
2026-08-07T05:30:00+05:30,2026-08-07 05:30:00,23.3,24.1,22.1,1.4,3.5,25.6,242,0,8.4,0.5,104.7,156.2,1176.3,93,0,0,25,81,25.7,1,242,1.1,1,1,21.5
2026-08-07T05:25:00+05:30,2026-08-07 05:25:00,23.2,24,22,0,7.2,25.6,324,0,8.4,0.5,104.7,156.2,1176.3,93,0,0,25,81,25.7,1,169,0,1,1,21.5
2026-08-07T05:20:00+05:30,2026-08-07 05:20:00,23.2,24,22,2.1,5.5,25.6,211,0,8.4,0.5,104.7,156.2,1176.3,93,0,0,25,81,25.7,1,177,0,1,1,21.5
2026-08-07T05:15:00+05:30,2026-08-07 05:15:00,23.3,24.1,22.1,0,1.8,25.6,177,0,8.4,0.5,104.7,156.2,1176.3,93,0,0,25,81,25.7,1,301,0.3,1,1,21.5
2026-08-07T05:10:00+05:30,2026-08-07 05:10:00,23.3,24.1,22.1,0,3.5,25.6,251,0,8.4,0.5,104.7,156.2,1176.3,93,0,0,25,81,25.7,1,275,0.3,1,1,21.5
2026-08-07T05:05:00+05:30,2026-08-07 05:05:00,23.3,24.1,22.1,0,5.5,25.6,13,0,8.4,0.5,104.7,156.2,1176.3,93,0,0,25,81,25.7,1,329,0,1,1,21.5
2026-08-07T05:00:00+05:30,2026-08-07 05:00:00,23.3,24.1,22.1,0,0,25.6,323,0,8.4,0.5,104.7,156.2,1176.3,93,0,0,25,81,25.7,1,329,0.3,1,1,21.5
2026-08-07T04:55:00+05:30,2026-08-07 04:55:00,23.3,24.1,21.9,1.1,3.5,25.6,293,0,8.4,0.5,104.7,156.2,1176.3,92,0,0,25,81,25.7,1,301,0.6,1,1,21.5
2026-08-07T04:50:00+05:30,2026-08-07 04:50:00,23.4,24.2,22,4,9.3,25.6,310,0,8.4,0.5,104.7,156.2,1176.3,92,0,0,25,81,25.7,1,310,4,1,1,21.5
2026-08-07T04:45:00+05:30,2026-08-07 04:45:00,23.5,24.3,22.1,2.9,11.1,25.6,254,0,8.4,0.5,104.7,156.2,1176.3,92,0,0,25,81,25.7,1,254,5.5,1,1,21.5
2026-08-07T04:40:00+05:30,2026-08-07 04:40:00,23.5,24.3,22.1,3.5,9.3,25.6,340,0,8.4,0.5,104.7,156.2,1176.3,92,0,0,25.1,81,25.8,1,287,3.5,1,1,21.6
2026-08-07T04:35:00+05:30,2026-08-07 04:35:00,23.5,24.3,22.1,4,7.2,25.6,287,0,8.4,0.5,104.7,156.2,1176.3,92,0,0,25.1,81,25.8,1,281,3.5,1,1,21.6
2026-08-07T04:30:00+05:30,2026-08-07 04:30:00,23.3,24.1,21.9,6.1,14.8,25.6,273,0,8.4,0.5,104.7,156.2,1176.3,92,0,0,25.1,81,25.8,1,226,2.1,1,1,21.6
2026-08-07T04:25:00+05:30,2026-08-07 04:25:00,23.2,24,22,0.6,7.2,25.6,5,0,8.4,0.5,104.7,156.2,1176.3,93,0,0,25.1,81,25.8,1,56,2.1,1,1,21.6
2026-08-07T04:20:00+05:30,2026-08-07 04:20:00,23.3,24.1,22.3,1.1,18.3,25.6,280,0,8.4,0.5,104.7,156.2,1176.3,94,0,0,25.1,81,25.8,1,307,4,1,1,21.6
2026-08-07T04:15:00+05:30,2026-08-07 04:15:00,23.2,24.1,22.4,2.1,18.3,25.6,41,0,8.4,0.5,104.7,156.2,1176.3,95,0,0,25.1,81,25.8,1,230,2.9,1,1,21.6
2026-08-07T04:10:00+05:30,2026-08-07 04:10:00,23.2,24.1,22.4,1.8,9.3,25.6,234,0,8.4,0.5,104.7,156.2,1176.3,95,0,0,25.1,81,25.8,1,286,2.6,1,1,21.6
2026-08-07T04:05:00+05:30,2026-08-07 04:05:00,23.1,24,22.4,7.9,11.1,25.6,295,0,8.4,0.5,104.7,156.2,1176.3,96,0,0,25.1,81,25.8,1,290,2.6,1,1,21.6
2026-08-07T04:00:00+05:30,2026-08-07 04:00:00,23.1,24,22.3,3.5,11.1,25.6,42,0,8.4,0.5,104.7,156.2,1176.3,95,0,0,25.1,81,25.8,1,305,1.8,1,1,21.6
2026-08-07T03:55:00+05:30,2026-08-07 03:55:00,23.1,24,22.4,5.8,9.3,25.6,258,0,8.4,0.5,104.7,156.2,1176.3,96,0,0,25.2,81,25.9,1,300,1.4,1,1,21.7
2026-08-07T03:50:00+05:30,2026-08-07 03:50:00,23,23.9,22.3,3.5,7.2,25.6,292,0,8.4,0.5,104.7,156.2,1176.3,96,0,0,25.1,81,25.8,1,294,0.3,1,1,21.6
2026-08-07T03:45:00+05:30,2026-08-07 03:45:00,23,23.9,22.3,2.9,5.5,25.6,328,0,8.4,0.5,104.7,156.2,1176.3,96,0,0,25.1,81,25.8,1,301,0.3,1,1,21.6
2026-08-07T03:40:00+05:30,2026-08-07 03:40:00,23,23.9,22.3,0,7.2,25.6,283,0,8.4,0.5,104.7,156.2,1176.3,96,0,0,25.2,81,25.9,1,295,2.1,1,1,21.7
2026-08-07T03:35:00+05:30,2026-08-07 03:35:00,23,23.9,22.3,4.3,9.3,25.6,305,0,8.4,0.5,104.7,156.2,1176.3,96,0,0,25.2,81,25.9,1,311,3.2,1,1,21.7
2026-08-07T03:30:00+05:30,2026-08-07 03:30:00,23.1,24,22.4,0.3,5.5,25.6,305,0,8.4,0.5,104.7,156.2,1176.3,96,0,0,25.2,81,25.9,1,305,4.7,1,1,21.7
2026-08-07T03:25:00+05:30,2026-08-07 03:25:00,23.1,24,22.4,5.8,7.2,25.6,307,1.2,8.4,0.5,104.7,156.2,1176.3,96,0,0,25.2,81,25.9,1,241,5.5,1,1,21.7
2026-08-07T03:20:00+05:30,2026-08-07 03:20:00,23.1,24,22.4,5,9.3,25.6,258,1.2,8.4,0.5,104.7,156.2,1176.3,96,0,0,25.2,80,25.9,1,285,3.5,1,1,21.5
2026-08-07T03:15:00+05:30,2026-08-07 03:15:00,23.2,24.1,22.5,6.4,13,25.6,289,1.8,8.2,0.3,104.5,156,1176.1,96,0,0,25.2,80,25.9,1,254,2.9,1,1,21.5
2026-08-07T03:10:00+05:30,2026-08-07 03:10:00,23.4,24.2,22.4,3.2,11.1,25.6,266,1.8,8.2,0.3,104.5,156,1176.1,94,0,0,25.2,80,25.9,1,277,4.7,1,1,21.5
2026-08-07T03:05:00+05:30,2026-08-07 03:05:00,23.7,24.6,22.5,1.1,13,25.6,323,0,7.9,0,104.2,155.7,1175.8,93,0,0,25.2,80,25.9,1,290,4.7,1,1,21.5
2026-08-07T03:00:00+05:30,2026-08-07 03:00:00,23.7,24.6,22.3,2.1,13,25.6,325,0,7.9,0,104.2,155.7,1175.8,92,0,0,25.2,80,25.9,1,287,3.2,1,1,21.5
2026-08-07T02:55:00+05:30,2026-08-07 02:55:00,23.8,24.6,22.4,8.7,14.8,25.6,292,0,7.9,0,104.2,155.7,1175.8,92,0,0,25.2,80,25.9,1,288,5,1,1,21.5
2026-08-07T02:50:00+05:30,2026-08-07 02:50:00,23.8,24.6,22.2,5,9.3,25.6,30,0,7.9,0,104.2,155.7,1175.8,91,0,0,25.2,80,25.9,1,287,7.2,1,1,21.5
2026-08-07T02:45:00+05:30,2026-08-07 02:45:00,23.8,24.6,22.2,2.6,25.6,25.6,342,0,7.9,0,104.2,155.7,1175.8,91,0,0,25.2,80,25.9,1,260,4.3,1,1,21.5
2026-08-07T02:40:00+05:30,2026-08-07 02:40:00,23.9,24.7,22.3,0,5.5,20.1,313,0,7.9,0,104.2,155.7,1175.8,91,0,0,25.2,80,25.9,1,229,4,1,1,21.5
2026-08-07T02:35:00+05:30,2026-08-07 02:35:00,23.9,24.7,22.3,7.9,13,20.1,229,0,7.9,0,104.2,155.7,1175.8,91,0,0,25.2,80,25.9,1,305,3.5,1,1,21.5
2026-08-07T02:30:00+05:30,2026-08-07 02:30:00,24,24.8,22.3,0.3,7.2,20.1,307,0,7.9,0,104.2,155.7,1175.8,90,0,0,25.2,80,25.9,1,313,1.8,1,1,21.5
2026-08-07T02:25:00+05:30,2026-08-07 02:25:00,24,24.8,22.3,0,3.5,20.1,331,0,7.9,0,104.2,155.7,1175.8,90,0,0,25.2,80,25.9,1,322,2.1,1,1,21.5
2026-08-07T02:20:00+05:30,2026-08-07 02:20:00,24,24.8,22.3,2.1,7.2,20.1,222,0,7.9,0,104.2,155.7,1175.8,90,0,0,25.2,80,25.9,1,331,3.5,1,1,21.5
2026-08-07T02:15:00+05:30,2026-08-07 02:15:00,24,24.8,22.3,3.5,5.5,20.1,266,0,7.9,0,104.2,155.7,1175.8,90,0,0,25.2,80,25.9,1,300,3.5,1,1,21.5
2026-08-07T02:10:00+05:30,2026-08-07 02:10:00,24,24.8,22.1,1.4,7.2,20.1,315,0,7.9,0,104.2,155.7,1175.8,89,0,0,25.2,80,25.9,1,309,1.4,1,1,21.5
2026-08-07T02:05:00+05:30,2026-08-07 02:05:00,24,24.8,22.3,0,0,20.1,223,0,7.9,0,104.2,155.7,1175.8,90,0,0,25.2,80,25.9,1,301,1.4,1,1,21.5
2026-08-07T02:00:00+05:30,2026-08-07 02:00:00,24,24.8,22.1,3.2,5.5,18.3,272,0,7.9,0,104.2,155.7,1175.8,89,0,0,25.2,80,25.9,1,303,4,1,1,21.5
2026-08-07T01:55:00+05:30,2026-08-07 01:55:00,24,24.8,22.1,6.1,9.3,18.3,147,0,7.9,0,104.2,155.7,1175.8,89,0,0,25.2,80,25.9,1,147,4.7,1,1,21.5
2026-08-07T01:50:00+05:30,2026-08-07 01:50:00,24,24.8,22.1,7.6,11.1,18.3,319,0,7.9,0,104.2,155.7,1175.8,89,0,0,25.2,79,25.9,1,290,1.8,1,1,21.3
2026-08-07T01:45:00+05:30,2026-08-07 01:45:00,23.9,24.7,22,9.3,13,18.3,280,0,7.9,0,104.2,155.7,1175.8,89,0,0,25.2,79,25.9,1,275,1.4,1,1,21.3
2026-08-07T01:40:00+05:30,2026-08-07 01:40:00,23.9,24.7,22,9,11.1,18.3,299,0,7.9,0,104.2,155.7,1175.8,89,0,0,25.2,79,25.9,1,299,1.4,1,1,21.3
2026-08-07T01:35:00+05:30,2026-08-07 01:35:00,23.8,24.5,21.9,0.3,3.5,18.3,261,0,7.9,0,104.2,155.7,1175.8,89,0,0,25.2,79,25.9,1,287,1.8,1,1,21.3
2026-08-07T01:30:00+05:30,2026-08-07 01:30:00,23.8,24.6,22,1.4,9.3,18.3,346,0,7.9,0,104.2,155.7,1175.8,90,0,0,25.2,79,25.9,1,223,2.9,1,1,21.3
2026-08-07T01:25:00+05:30,2026-08-07 01:25:00,23.8,24.6,22,6.1,11.1,18.3,293,0,7.9,0,104.2,155.7,1175.8,90,0,0,25.2,79,25.9,1,229,3.2,1,1,21.3
2026-08-07T01:20:00+05:30,2026-08-07 01:20:00,23.8,24.6,22,2.9,13,18.3,305,0,7.9,0,104.2,155.7,1175.8,90,0,0,25.2,79,25.9,1,291,3.2,1,1,21.3
2026-08-07T01:15:00+05:30,2026-08-07 01:15:00,23.8,24.6,22,0,11.1,18.3,314,0,7.9,0,104.2,155.7,1175.8,90,0,0,25.3,79,25.9,1,307,3.5,1,1,21.4
2026-08-07T01:10:00+05:30,2026-08-07 01:10:00,23.8,24.5,21.9,5.8,18.3,18.3,268,0,7.9,0,104.2,155.7,1175.8,89,0,0,25.3,79,25.9,1,308,1.8,1,1,21.4
2026-08-07T01:05:00+05:30,2026-08-07 01:05:00,23.8,24.5,21.9,1.4,3.5,13,311,0,7.9,0,104.2,155.7,1175.8,89,0,0,25.3,79,25.9,1,311,0,1,1,21.4
2026-08-07T01:00:00+05:30,2026-08-07 01:00:00,23.8,24.5,21.9,3.5,13,13,228,0,7.9,0,104.2,155.7,1175.8,89,0,0,25.3,79,25.9,1,294,0.3,1,1,21.4
2026-08-07T00:55:00+05:30,2026-08-07 00:55:00,23.9,24.6,21.8,0,0,13,294,0,7.9,0,104.2,155.7,1175.8,88,0,0,25.3,79,25.9,1,294,1.4,1,1,21.4
2026-08-07T00:50:00+05:30,2026-08-07 00:50:00,23.8,24.5,21.7,1.4,5.5,13,275,0,7.9,0,104.2,155.7,1175.8,88,0,0,25.3,79,25.9,1,284,0.6,1,1,21.4
2026-08-07T00:45:00+05:30,2026-08-07 00:45:00,23.8,24.5,21.7,6.1,13,13,284,0,7.9,0,104.2,155.7,1175.8,88,0,0,25.3,79,25.9,1,18,0,1,1,21.4
2026-08-07T00:40:00+05:30,2026-08-07 00:40:00,23.8,24.5,21.7,2.6,3.5,9.3,158,0,7.9,0,104.2,155.7,1175.8,88,0,0,25.3,79,25.9,1,288,1.1,1,1,21.4
2026-08-07T00:35:00+05:30,2026-08-07 00:35:00,23.8,24.5,21.7,0,1.8,9.3,270,0,7.9,0,104.2,155.7,1175.8,88,0,0,25.3,79,25.9,1,288,0.6,1,1,21.4
2026-08-07T00:30:00+05:30,2026-08-07 00:30:00,23.7,24.4,21.6,5.5,7.2,9.3,294,0,7.9,0,104.2,155.7,1175.8,88,0,0,25.3,79,25.9,1,305,0,1,1,21.4
2026-08-07T00:25:00+05:30,2026-08-07 00:25:00,23.7,24.5,21.8,0,0,9.3,307,0,7.9,0,104.2,155.7,1175.8,89,0,0,25.3,79,25.9,1,305,0,1,1,21.4
2026-08-07T00:20:00+05:30,2026-08-07 00:20:00,23.8,24.5,21.7,0,0,9.3,296,0,7.9,0,104.2,155.7,1175.8,88,0,0,25.3,79,25.9,1,305,0,1,1,21.4
2026-08-07T00:15:00+05:30,2026-08-07 00:15:00,23.7,24.4,21.6,0,3.5,9.3,235,0,7.9,0,104.2,155.7,1175.8,88,0,0,25.3,79,25.9,1,283,0,1,1,21.4
2026-08-07T00:10:00+05:30,2026-08-07 00:10:00,23.7,24.4,21.6,0,0,9.3,284,0,7.9,0,104.2,155.7,1175.8,88,0,0,25.4,79,26.1,1,283,0,1,1,21.5
2026-08-07T00:05:00+05:30,2026-08-07 00:05:00,23.7,24.4,21.6,0,3.5,9.3,282,0,7.9,0,104.2,155.7,1175.8,88,0,0,25.4,79,26.1,1,305,0,1,1,21.5
2026-08-07T00:00:00+05:30,2026-08-07 00:00:00,23.7,24.5,21.8,0,0,0,308,0,7.9,0,104.2,155.7,1175.8,89,0,0,25.4,79,26.1,1,305,0,1,1,21.5
2026-08-06T23:55:00+05:30,2026-08-06 23:55:00,23.7,24.5,21.8,0,0,31.4,308,0,7.9,7.9,104.2,155.7,1175.8,89,0,0,25.4,79,26.1,1,308,0,1,1,21.5
2026-08-06T23:50:00+05:30,2026-08-06 23:50:00,23.7,24.4,21.6,0,0,31.4,305,0,7.9,7.9,104.2,155.7,1175.8,88,0,0,25.4,79,26.1,1,291,0,1,1,21.5
2026-08-06T23:45:00+05:30,2026-08-06 23:45:00,23.7,24.4,21.6,1.4,3.5,31.4,281,0,7.9,7.9,104.2,155.7,1175.8,88,0,0,25.4,79,26.1,1,291,0,1,1,21.5
2026-08-06T23:40:00+05:30,2026-08-06 23:40:00,23.8,24.5,21.9,0,0,31.4,296,0,7.9,7.9,104.2,155.7,1175.8,89,0,0,25.4,79,26.1,1,296,0,1,1,21.5
2026-08-06T23:35:00+05:30,2026-08-06 23:35:00,23.8,24.5,21.7,0,0,31.4,296,0,7.9,7.9,104.2,155.7,1175.8,88,0,0,25.4,79,26.1,1,296,0,1,1,21.5
2026-08-06T23:30:00+05:30,2026-08-06 23:30:00,23.9,24.6,21.8,0,0,31.4,296,0,7.9,7.9,104.2,155.7,1175.8,88,0,0,25.4,79,26.1,1,296,0,1,1,21.5
2026-08-06T23:25:00+05:30,2026-08-06 23:25:00,23.8,24.5,21.7,0.6,3.5,31.4,296,0,7.9,7.9,104.2,155.7,1175.8,88,0,0,25.4,79,26.1,1,200,0,1,1,21.5
2026-08-06T23:20:00+05:30,2026-08-06 23:20:00,23.9,24.7,22,0,0,31.4,150,0,7.9,7.9,104.2,155.7,1175.8,89,0,0,25.4,79,26.1,1,200,0,1,1,21.5
2026-08-06T23:15:00+05:30,2026-08-06 23:15:00,24,24.8,21.9,2.1,5.5,31.4,196,0,7.9,7.9,104.2,155.7,1175.8,88,0,0,25.4,79,26.1,1,291,0.3,1,1,21.5
2026-08-06T23:10:00+05:30,2026-08-06 23:10:00,24.1,24.8,21.8,1.1,5.5,31.4,352,0,7.9,7.9,104.2,155.7,1175.8,87,0,0,25.4,79,26.1,1,288,0.6,1,1,21.5
2026-08-06T23:05:00+05:30,2026-08-06 23:05:00,24.1,24.8,21.8,2.6,7.2,31.4,288,0,7.9,7.9,104.2,155.7,1175.8,87,0,0,25.4,79,26.1,1,274,2.1,1,1,21.5
2026-08-06T23:00:00+05:30,2026-08-06 23:00:00,24.1,24.8,21.8,2.1,9.3,31.4,325,0,7.9,7.9,104.2,155.7,1175.8,87,0,0,25.4,79,26.1,1,283,2.1,1,1,21.5
2026-08-06T22:55:00+05:30,2026-08-06 22:55:00,24.1,24.8,21.8,5.5,7.2,31.4,283,0,7.9,7.9,104.2,155.7,1175.8,87,0,0,25.4,79,26.1,1,290,0.3,1,1,21.5
2026-08-06T22:50:00+05:30,2026-08-06 22:50:00,24.2,25,21.9,1.4,5.5,31.4,320,0,7.9,7.9,104.2,155.7,1175.8,87,0,0,25.4,79,26.1,1,293,1.4,1,1,21.5
2026-08-06T22:45:00+05:30,2026-08-06 22:45:00,24.2,25,22.1,2.6,9.3,31.4,292,0,7.9,7.9,104.2,155.7,1175.8,88,0,0,25.5,79,26.2,1,291,1.4,1,1,21.6
2026-08-06T22:40:00+05:30,2026-08-06 22:40:00,24.2,25,22.1,0,7.2,31.4,311,0,7.9,7.9,104.2,155.7,1175.8,88,0,0,25.5,79,26.2,1,288,1.1,1,1,21.6
2026-08-06T22:35:00+05:30,2026-08-06 22:35:00,24.3,25,22,5.5,13,31.4,288,0,7.9,7.9,104.2,155.7,1175.8,87,0,0,25.4,79,26.1,1,279,4,1,1,21.5
2026-08-06T22:30:00+05:30,2026-08-06 22:30:00,24.3,25,22,2.1,11.1,31.4,287,0,7.9,7.9,104.2,155.7,1175.8,87,0,0,25.4,79,26.1,1,287,5.8,1,1,21.5
2026-08-06T22:25:00+05:30,2026-08-06 22:25:00,24.4,25.2,22.1,11.9,16.6,31.4,272,0,7.9,7.9,104.2,155.7,1175.8,87,0,0,25.5,79,26.2,1,281,3.5,1,1,21.6
2026-08-06T22:20:00+05:30,2026-08-06 22:20:00,24.3,25,22,2.9,5.5,31.4,263,0,7.9,7.9,104.2,155.7,1175.8,87,0,0,25.5,79,26.2,1,282,2.1,1,1,21.6
2026-08-06T22:15:00+05:30,2026-08-06 22:15:00,24.3,25,22,6.9,16.6,31.4,283,0,7.9,7.9,104.2,155.7,1175.8,87,0,0,25.5,79,26.2,1,299,0.6,1,1,21.6
2026-08-06T22:10:00+05:30,2026-08-06 22:10:00,24.3,25.1,22.2,0.6,7.2,31.4,290,0,7.9,7.9,104.2,155.7,1175.8,88,0,0,25.5,79,26.2,1,321,0.3,1,1,21.6
2026-08-06T22:05:00+05:30,2026-08-06 22:05:00,24.4,25.2,22.1,0,1.8,31.4,336,0,7.9,7.9,104.2,155.7,1175.8,87,0,0,25.5,79,26.2,1,349,2.9,1,1,21.6
2026-08-06T22:00:00+05:30,2026-08-06 22:00:00,24.4,25.2,22.1,7.2,14.8,31.4,258,0,7.9,7.9,104.2,155.7,1175.8,87,0,0,25.5,79,26.2,1,280,4.7,1,1,21.6
2026-08-06T21:55:00+05:30,2026-08-06 21:55:00,24.4,25.2,22.1,7.2,14.8,31.4,291,0,7.9,7.9,104.2,155.7,1175.8,87,0,0,25.5,79,26.2,1,279,1.1,1,1,21.6
2026-08-06T21:50:00+05:30,2026-08-06 21:50:00,24.4,25.2,22.1,0,5.5,31.4,341,0,7.9,7.9,104.2,155.7,1175.8,87,0,0,25.5,79,26.2,1,18,1.1,1,1,21.6
2026-08-06T21:45:00+05:30,2026-08-06 21:45:00,24.4,25.1,21.9,9.3,14.8,31.4,244,0,7.9,7.9,104.2,155.7,1175.8,86,0,0,25.6,79,26.3,1,236,2.1,1,1,21.7
2026-08-06T21:40:00+05:30,2026-08-06 21:40:00,24.4,25.1,21.9,2.1,7.2,31.4,277,0,7.9,7.9,104.2,155.7,1175.8,86,0,0,25.6,79,26.3,1,290,1.8,1,1,21.7
2026-08-06T21:35:00+05:30,2026-08-06 21:35:00,24.4,25.2,22.1,2.9,11.1,31.4,331,0,7.9,7.9,104.2,155.7,1175.8,87,0,0,25.6,79,26.3,1,301,1.1,1,1,21.7
2026-08-06T21:30:00+05:30,2026-08-06 21:30:00,24.4,25.2,22.1,3.2,5.5,31.4,269,0,7.9,7.9,104.2,155.7,1175.8,87,0,0,25.6,79,26.3,1,269,0,1,1,21.7
2026-08-06T21:25:00+05:30,2026-08-06 21:25:00,24.4,25.2,22.1,1.1,3.5,31.4,310,0,7.9,7.9,104.2,155.7,1175.8,87,0,0,25.6,79,26.3,1,268,0,1,1,21.7
2026-08-06T21:20:00+05:30,2026-08-06 21:20:00,24.4,25.2,22.1,0,3.5,31.4,274,0,7.9,7.9,104.2,155.7,1175.8,87,0,0,25.6,79,26.3,1,274,1.4,1,1,21.7
2026-08-06T21:15:00+05:30,2026-08-06 21:15:00,24.4,25.2,22.1,4,7.2,31.4,282,0,7.9,7.9,104.2,155.7,1175.8,87,0,0,25.6,79,26.3,1,282,2.9,1,1,21.7
2026-08-06T21:10:00+05:30,2026-08-06 21:10:00,24.4,25.2,22.1,0.3,3.5,31.4,288,0,7.9,7.9,104.2,155.7,1175.8,87,0,0,25.6,79,26.3,1,294,1.1,1,1,21.7
2026-08-06T21:05:00+05:30,2026-08-06 21:05:00,24.3,25.1,22.2,1.4,3.5,31.4,325,0,7.9,7.9,104.2,155.7,1175.8,88,0,0,25.6,79,26.3,1,197,0.6,1,1,21.7
2026-08-06T21:00:00+05:30,2026-08-06 21:00:00,24.3,25,22,0,5.5,31.4,197,0,7.9,7.9,104.2,155.7,1175.8,87,0,0,25.7,79,26.4,1,358,0.3,1,1,21.8
2026-08-06T20:55:00+05:30,2026-08-06 20:55:00,24.3,25,22,2.9,5.5,31.4,296,0,7.9,7.9,104.2,155.7,1175.8,87,0,0,25.7,79,26.4,1,289,0.3,1,1,21.8
2026-08-06T20:50:00+05:30,2026-08-06 20:50:00,24.3,25.1,22.2,0.3,3.5,31.4,295,0,7.9,7.9,104.2,155.7,1175.8,88,0,0,25.7,79,26.4,1,269,0.3,1,1,21.8
2026-08-06T20:45:00+05:30,2026-08-06 20:45:00,24.4,25.2,22.1,0.6,1.8,31.4,303,0,7.9,7.9,104.2,155.7,1175.8,87,0,0,25.7,79,26.4,1,324,1.1,1,1,21.8
2026-08-06T20:40:00+05:30,2026-08-06 20:40:00,24.3,25,22,3.5,11.1,31.4,218,0,7.9,7.9,104.2,155.7,1175.8,87,0,0,25.7,79,26.4,1,333,1.1,1,1,21.8
2026-08-06T20:35:00+05:30,2026-08-06 20:35:00,24.3,25.1,22.2,1.1,9.3,31.4,303,0,7.9,7.9,104.2,155.7,1175.8,88,0,0,25.7,79,26.4,1,279,4,1,1,21.8
2026-08-06T20:30:00+05:30,2026-08-06 20:30:00,24.3,25,22,4.7,16.6,31.4,3,0,7.9,7.9,104.2,155.7,1175.8,87,0,0,25.7,79,26.4,1,276,3.5,1,1,21.8
2026-08-06T20:25:00+05:30,2026-08-06 20:25:00,24.3,25.1,22.2,5.5,16.6,31.4,272,0,7.9,7.9,104.2,155.7,1175.8,88,0,0,25.7,79,26.4,1,272,2.6,1,1,21.8
2026-08-06T20:20:00+05:30,2026-08-06 20:20:00,24.3,25,22,4.3,9.3,31.4,289,0,7.9,7.9,104.2,155.7,1175.8,87,0,0,25.7,79,26.4,1,307,2.1,1,1,21.8
2026-08-06T20:15:00+05:30,2026-08-06 20:15:00,24.3,25.1,22.2,0,5.5,31.4,311,0,7.9,7.9,104.2,155.7,1175.8,88,0,0,25.8,79,26.5,1,311,1.4,1,1,21.8
2026-08-06T20:10:00+05:30,2026-08-06 20:10:00,24.4,25.2,22.1,0,3.5,31.4,303,0,7.9,7.9,104.2,155.7,1175.8,87,0,0,25.8,79,26.5,1,298,0.6,1,1,21.8
2026-08-06T20:05:00+05:30,2026-08-06 20:05:00,24.4,25.2,22.1,0.3,3.5,31.4,265,0,7.9,7.9,104.2,155.7,1175.8,87,0,0,25.8,79,26.5,1,314,2.1,1,1,21.8
2026-08-06T20:00:00+05:30,2026-08-06 20:00:00,24.4,25.2,22.1,3.2,14.8,31.4,118,0,7.9,7.9,104.2,155.7,1175.8,87,0,0,25.8,79,26.5,1,265,2.9,1,1,21.8
2026-08-06T19:55:00+05:30,2026-08-06 19:55:00,24.5,25.3,22.2,1.4,5.5,31.4,265,0,7.9,7.9,104.2,155.7,1175.8,87,0,0,25.8,79,26.5,1,265,1.1,1,1,21.8
2026-08-06T19:50:00+05:30,2026-08-06 19:50:00,24.5,25.3,22.2,0.3,1.8,31.4,90,0,7.9,7.9,104.2,155.7,1175.8,87,0,0,25.8,79,26.5,1,315,1.4,1,1,21.8
2026-08-06T19:45:00+05:30,2026-08-06 19:45:00,24.5,25.3,22.2,4,7.2,31.4,289,0,7.9,7.9,104.2,155.7,1175.8,87,0,0,25.8,79,26.5,1,351,2.1,1,1,21.8
2026-08-06T19:40:00+05:30,2026-08-06 19:40:00,24.6,25.4,22.3,6.1,9.3,31.4,276,0,7.9,7.9,104.2,155.7,1175.8,87,0,0,25.8,79,26.5,1,276,5.5,1,1,21.8
2026-08-06T19:35:00+05:30,2026-08-06 19:35:00,24.6,25.4,22.3,1.4,13,31.4,229,0,7.9,7.9,104.2,155.7,1175.8,87,0,0,25.9,79,26.6,1,292,5.5,1,1,21.9
2026-08-06T19:30:00+05:30,2026-08-06 19:30:00,24.6,25.4,22.3,0.3,9.3,31.4,245,0,7.9,7.9,104.2,155.7,1175.8,87,0,0,25.9,80,26.6,1,286,5.5,1,1,22.2
2026-08-06T19:25:00+05:30,2026-08-06 19:25:00,24.6,25.4,22.3,5.5,9.3,31.4,266,0,7.9,7.9,104.2,155.7,1175.8,87,0,0,26,80,26.7,1,266,4.3,1,1,22.3
2026-08-06T19:20:00+05:30,2026-08-06 19:20:00,24.5,25.3,22.4,13,18.3,31.4,269,0,7.9,7.9,104.2,155.7,1175.8,88,0,0,26,80,26.7,1,300,1.4,1,1,22.3
2026-08-06T19:15:00+05:30,2026-08-06 19:15:00,24.5,25.3,22.6,4.7,5.5,31.4,286,0,7.9,7.9,104.2,155.7,1175.8,89,0,0,26,80,26.7,1,300,0,1,1,22.3
2026-08-06T19:10:00+05:30,2026-08-06 19:10:00,24.5,25.4,22.7,0,3.5,31.4,216,0,7.9,7.9,104.2,155.7,1175.8,90,0,0,26,80,26.7,1,286,1.1,1,1,22.3
2026-08-06T19:05:00+05:30,2026-08-06 19:05:00,24.4,25.2,22.5,6.1,9.3,31.4,309,0,7.9,7.9,104.2,155.7,1175.8,89,0,0,26.1,80,26.9,1,291,2.1,1,1,22.4
2026-08-06T19:00:00+05:30,2026-08-06 19:00:00,24.5,25.4,22.7,0,0,31.4,276,0,7.9,7.9,104.2,155.7,1175.8,90,0,0,26.1,80,26.9,1,286,0,1,1,22.4
2026-08-06T18:56:00+05:30,2026-08-06 18:56:00,24.5,25.4,22.7,0,5.5,31.4,307,0,7.9,7.9,104.2,155.7,1175.8,90,0,0,26.1,80,26.9,1,292,1.1,1,1,22.4
2026-08-06T18:45:00+05:30,2026-08-06 18:45:00,24.6,25.5,22.7,0,0,31.4,323,0,7.9,7.9,104.2,155.7,1175.8,89,0,0,26.2,79,26.9,1,258,0,1,1,22.3
2026-08-06T18:40:00+05:30,2026-08-06 18:40:00,24.6,25.5,22.9,0,0,31.4,263,0,7.9,7.9,104.2,155.7,1175.8,90,0,0,26.2,79,26.9,1,296,0,1,1,22.3
2026-08-06T18:35:00+05:30,2026-08-06 18:35:00,24.5,25.4,22.7,1.1,3.5,31.4,305,0,7.9,7.9,104.2,155.7,1175.8,90,0,0.1,26.2,79,26.9,1,299,0,1,1,22.3
2026-08-06T18:30:00+05:30,2026-08-06 18:30:00,24.5,25.4,22.7,0,0,31.4,306,0,7.9,7.9,104.2,155.7,1175.8,90,0,0.6,26.2,79,26.9,1,306,0,1,1,22.3
2026-08-06T18:25:00+05:30,2026-08-06 18:25:00,24.4,25.2,22.6,1.4,3.5,31.4,266,0,7.9,7.9,104.2,155.7,1175.8,90,0,1.1,26.2,79,26.9,1,336,0.6,1,1,22.3
2026-08-06T18:20:00+05:30,2026-08-06 18:20:00,24.5,25.4,22.9,0,3.5,31.4,335,0,7.9,7.9,104.2,155.7,1175.8,91,0,3.2,26.3,79,27,1,269,0.6,1,1,22.3
2026-08-06T18:15:00+05:30,2026-08-06 18:15:00,24.5,25.4,22.9,0,3.5,31.4,328,0,7.9,7.9,104.2,155.7,1175.8,91,0,5.2,26.3,79,27,1,298,1.4,1,1,22.3
2026-08-06T18:10:00+05:30,2026-08-06 18:10:00,24.5,25.4,22.9,2.1,9.3,31.4,327,0,7.9,7.9,104.2,155.7,1175.8,91,0,6.7,26.3,79,27,1,280,1.4,1,1,22.3
2026-08-06T18:05:00+05:30,2026-08-06 18:05:00,24.6,25.5,23,0.3,1.8,31.4,262,0,7.9,7.9,104.2,155.7,1175.8,91,0,13.2,26.4,79,27.2,1,280,2.1,1,1,22.4
2026-08-06T18:00:00+05:30,2026-08-06 18:00:00,24.6,25.5,23,8.2,14.8,31.4,274,0,7.9,7.9,104.2,155.7,1175.8,91,0,20.7,26.4,79,27.2,1,274,4.3,1,1,22.4
2026-08-06T17:55:00+05:30,2026-08-06 17:55:00,24.7,25.6,23,4,16.6,31.4,282,0,7.9,7.9,104.2,155.7,1175.8,90,0,23.3,26.4,78,27.1,1,275,3.5,1,1,22.2
2026-08-06T17:50:00+05:30,2026-08-06 17:50:00,24.8,25.7,23,0.3,7.2,31.4,279,0,7.9,7.9,104.2,155.7,1175.8,90,0,30.1,26.5,78,27.2,1,279,2.9,1,1,22.3
2026-08-06T17:45:00+05:30,2026-08-06 17:45:00,25,25.9,22.9,2.9,5.5,31.4,226,0,7.9,7.9,104.2,155.7,1175.8,88,0,37.5,26.5,78,27.2,1,287,3.5,1,1,22.3
2026-08-06T17:40:00+05:30,2026-08-06 17:40:00,25.6,26.5,23.1,3.5,7.2,31.4,303,0,7.9,7.9,104.2,155.7,1175.8,86,0,20,26.5,78,27.2,1,281,3.5,1,1,22.3
2026-08-06T17:35:00+05:30,2026-08-06 17:35:00,25.6,26.4,22.7,5.5,16.6,31.4,282,0,7.9,7.9,104.2,155.7,1175.8,84,0,35.9,26.5,78,27.2,1,251,6.9,1,1,22.3
2026-08-06T17:30:00+05:30,2026-08-06 17:30:00,25.7,26.5,22.8,1.1,11.1,31.4,329,0,7.9,7.9,104.2,155.7,1175.8,84,0,49.8,26.6,78,27.4,1,286,5.5,1,1,22.4
2026-08-06T17:25:00+05:30,2026-08-06 17:25:00,25.9,26.7,22.8,4,11.1,31.4,350,0,7.9,7.9,104.2,155.7,1175.8,83,0,74.5,26.6,78,27.4,1,297,2.1,1,1,22.4
2026-08-06T17:20:00+05:30,2026-08-06 17:20:00,26.1,26.9,22.6,0.3,1.8,31.4,247,0,7.9,7.9,104.2,155.7,1175.8,81,0,74.6,26.7,78,29,1,328,1.4,1,1,22.6
2026-08-06T17:15:00+05:30,2026-08-06 17:15:00,26,26.8,22.7,1.1,11.1,31.4,282,0,7.9,7.9,104.2,155.7,1175.8,82,0,45.8,26.7,78,29,1,279,2.1,1,1,22.6
2026-08-06T17:10:00+05:30,2026-08-06 17:10:00,26,26.8,22.7,0,13,31.4,268,0,7.9,7.9,104.2,155.7,1175.8,82,0,47.5,26.7,78,29,1,270,4,1,1,22.6
2026-08-06T17:05:00+05:30,2026-08-06 17:05:00,26.1,26.9,22.6,6.1,11.1,31.4,333,0,7.9,7.9,104.2,155.7,1175.8,81,0,72.7,26.7,78,29,1,284,2.9,1,1,22.6
2026-08-06T17:00:00+05:30,2026-08-06 17:00:00,26.2,27,22.7,0,9.3,31.4,312,0,7.9,7.9,104.2,155.7,1175.8,81,0,69,26.8,78,29.1,1,289,2.9,1,1,22.6
2026-08-06T16:55:00+05:30,2026-08-06 16:55:00,26.2,27,22.5,10.8,14.8,31.4,269,0,7.9,7.9,104.2,155.7,1175.8,80,0,101.3,26.8,78,29.1,1,279,4.3,1,1,22.6
2026-08-06T16:50:00+05:30,2026-08-06 16:50:00,26.3,27.1,22.5,6.4,9.3,31.4,308,0,7.9,7.9,104.2,155.7,1175.8,80,0,98.4,26.8,78,29.1,1,310,3.5,1,1,22.6
2026-08-06T16:45:00+05:30,2026-08-06 16:45:00,26.4,27.2,22.7,7.9,14.8,31.4,319,0,7.9,7.9,104.2,155.7,1175.8,80,0,102.5,26.9,78,29.3,1,306,3.5,1,1,22.7
2026-08-06T16:40:00+05:30,2026-08-06 16:40:00,26.3,27.1,22.5,8.7,11.1,31.4,240,0,7.9,7.9,104.2,155.7,1175.8,80,1,106.5,26.9,78,29.3,1,291,6.1,1,1,22.7
2026-08-06T16:35:00+05:30,2026-08-06 16:35:00,26.4,27.2,22.7,6.1,16.6,31.4,270,0,7.9,7.9,104.2,155.7,1175.8,80,0,100.9,27,78,29.6,1,279,6.1,1,1,22.8
2026-08-06T16:30:00+05:30,2026-08-06 16:30:00,26.3,27.1,22.7,7.9,14.8,31.4,287,0,7.9,7.9,104.2,155.7,1175.8,81,1,190.4,27,78,29.6,1,287,6.1,1,1,22.8
2026-08-06T16:25:00+05:30,2026-08-06 16:25:00,26.7,29.1,23,6.1,14.8,31.4,267,0,7.9,7.9,104.2,155.7,1175.8,80,0,88.7,27,78,29.6,1,300,6.9,1,1,22.8
2026-08-06T16:20:00+05:30,2026-08-06 16:20:00,26.4,27.2,22.9,8.7,27.7,31.4,277,0,7.9,7.9,104.2,155.7,1175.8,81,1,179.9,27,78,29.6,1,280,6.1,1,1,22.8
2026-08-06T16:15:00+05:30,2026-08-06 16:15:00,26.7,29.1,23,7.9,18.3,31.4,334,0,7.9,7.9,104.2,155.7,1175.8,80,1,109.2,27.1,78,29.8,1,327,5.8,1,1,22.9
2026-08-06T16:10:00+05:30,2026-08-06 16:10:00,27,29.7,23.2,1.8,18.3,31.4,244,0,7.9,7.9,104.2,155.7,1175.8,80,1,157.4,27.1,78,29.8,1,284,7.9,1,1,22.9
2026-08-06T16:05:00+05:30,2026-08-06 16:05:00,26.6,27.4,23.1,1.1,14.8,31.4,338,0,7.9,7.9,104.2,155.7,1175.8,81,2,301.6,27.1,79,29.9,1,314,6.9,1,1,23.2
2026-08-06T16:00:00+05:30,2026-08-06 16:00:00,26.5,27.3,23,0,9.3,31.4,308,0,7.9,7.9,104.2,155.7,1175.8,81,1,123.5,27.1,79,29.9,1,296,6.9,1,1,23.2
2026-08-06T15:55:00+05:30,2026-08-06 15:55:00,26.4,27.3,23.3,9.3,20.1,31.4,296,0,7.9,7.9,104.2,155.7,1175.8,83,0,99.2,27.1,79,29.9,1,296,7.9,1,1,23.2
2026-08-06T15:50:00+05:30,2026-08-06 15:50:00,26.5,27.4,23.4,9.3,13,31.4,288,0,7.9,7.9,104.2,155.7,1175.8,83,0,66.6,27.2,79,30.1,1,272,6.9,1,1,23.3
2026-08-06T15:45:00+05:30,2026-08-06 15:45:00,26.5,27.3,23.2,6.4,18.3,31.4,105,0,7.9,7.9,104.2,155.7,1175.8,82,2,282.8,27.2,79,30.1,1,194,6.9,1,1,23.3
2026-08-06T15:40:00+05:30,2026-08-06 15:40:00,26.8,29.5,23.6,2.1,5.5,31.4,246,0,7.9,7.9,104.2,155.7,1175.8,83,0,75,27.2,79,30.1,1,274,7.2,1,1,23.3
2026-08-06T15:35:00+05:30,2026-08-06 15:35:00,27.2,30.3,23.7,9.7,16.6,31.4,311,0,7.9,7.9,104.2,155.7,1175.8,81,3,327.2,27.3,79,30.3,1,334,8.2,1,1,23.3
2026-08-06T15:30:00+05:30,2026-08-06 15:30:00,27.5,30.8,23.5,11.6,18.3,31.4,240,0,7.9,7.9,104.2,155.7,1175.8,79,4,429.9,27.3,79,30.3,1,300,8.7,1,1,23.3
2026-08-06T15:25:00+05:30,2026-08-06 15:25:00,27.7,31.4,23.9,7.6,18.3,31.4,280,0,7.9,7.9,104.2,155.7,1175.8,80,1,199.7,27.3,80,30.4,1,300,7.9,1,1,23.5
2026-08-06T15:20:00+05:30,2026-08-06 15:20:00,27.5,30.9,23.7,12.2,18.3,31.4,309,0,7.9,7.9,104.2,155.7,1175.8,80,4,434.7,27.2,80,30.2,1,274,7.9,1,1,23.4
2026-08-06T15:15:00+05:30,2026-08-06 15:15:00,27.5,31,23.9,7.6,25.6,31.4,252,0,7.9,7.9,104.2,155.7,1175.8,81,4,458.7,27.2,80,30.2,1,291,5.5,1,1,23.4
2026-08-06T15:10:00+05:30,2026-08-06 15:10:00,28.4,32.7,24.2,3.5,16.6,31.4,287,0,7.9,7.9,104.2,155.7,1175.8,78,1,158.6,27.2,80,30.2,1,323,3.5,1,1,23.4
2026-08-06T15:05:00+05:30,2026-08-06 15:05:00,27.8,31.6,24,2.1,7.2,31.4,332,0,7.9,7.9,104.2,155.7,1175.8,80,4,498.7,27.1,80,30,1,323,4.7,1,1,23.3
2026-08-06T15:00:00+05:30,2026-08-06 15:00:00,27.3,30.5,23.7,4.3,11.1,31.4,318,0,7.9,7.9,104.2,155.7,1175.8,81,4,507.6,27.1,80,30,1,318,6.1,1,1,23.3
2026-08-06T14:55:00+05:30,2026-08-06 14:55:00,26.8,29.6,23.8,1.1,13,31.4,209,0,7.9,7.9,104.2,155.7,1175.8,84,5,536.9,27.1,80,30,1,260,7.6,1,1,23.3
2026-08-06T14:50:00+05:30,2026-08-06 14:50:00,26.7,29.4,23.6,8.7,20.1,31.4,277,0,7.9,7.9,104.2,155.7,1175.8,83,2,281.1,27.1,80,30,1,322,4.3,1,1,23.3
2026-08-06T14:45:00+05:30,2026-08-06 14:45:00,27.2,30.5,23.9,4,7.2,31.4,293,0,7.9,7.9,104.2,155.7,1175.8,82,1,121.5,27.1,80,30,1,308,2.6,1,1,23.3
2026-08-06T14:40:00+05:30,2026-08-06 14:40:00,26.7,29.4,23.6,6.4,14.8,31.4,309,0,7.9,7.9,104.2,155.7,1175.8,83,6,631.8,27.1,80,30,1,299,6.4,1,1,23.3
2026-08-06T14:35:00+05:30,2026-08-06 14:35:00,26.2,27.2,23.9,9,13,31.4,255,0,7.9,7.9,104.2,155.7,1175.8,87,7,735.8,27.1,80,30,1,264,8.7,1,1,23.3
2026-08-06T14:30:00+05:30,2026-08-06 14:30:00,27.7,31.4,23.9,14.3,23.8,31.4,271,0,7.9,7.9,104.2,155.7,1175.8,80,1,115.5,27.1,80,30,1,264,5,1,1,23.3
2026-08-06T14:25:00+05:30,2026-08-06 14:25:00,28.7,33.2,24.1,16.3,20.1,31.4,300,0,7.9,7.9,104.2,155.7,1175.8,76,6,637.2,27.1,80,30,1,298,4.7,1,1,23.3
2026-08-06T14:20:00+05:30,2026-08-06 14:20:00,28,31.8,23.8,9,25.6,31.4,299,0,7.9,7.9,104.2,155.7,1175.8,78,4,418.8,27,80,29.7,1,289,7.2,1,1,23.2
2026-08-06T14:17:00+05:30,2026-08-06 14:17:00,27.7,31.3,23.7,3.2,21.9,31.4,259,0,7.9,7.9,104.2,155.7,1175.8,79,6,656.4,27,80,29.7,1,259,6.9,1,1,23.2
2026-08-06T14:13:00+05:30,2026-08-06 14:13:00,27.8,31.7,24.2,6.4,16.6,31.4,274,0,7.9,7.9,104.2,155.7,1175.8,81,6,691.5,27,80,29.7,1,280,7.9,1,1,23.2
2026-08-06T14:06:00+05:30,2026-08-06 14:06:00,27.9,31.5,23.7,4,16.6,31.4,209,0,7.9,7.9,104.2,155.7,1175.8,78,6,650.6,27,80,29.7,1,281,7.9,1,1,23.2
2026-08-06T14:01:00+05:30,2026-08-06 14:01:00,27.4,30.6,23.6,12.2,18.3,31.4,321,0,7.9,7.9,104.2,155.7,1175.8,80,6,698.5,26.9,80,29.5,1,281,7.6,1,1,23.1
2026-08-06T13:56:00+05:30,2026-08-06 13:56:00,27.3,30.4,23.5,6.1,13,31.4,262,0,7.9,7.9,104.2,155.7,1175.8,80,2,249.3,27,80,29.7,1,308,9.7,1,1,23.2
2026-08-06T13:53:00+05:30,2026-08-06 13:53:00,27.3,30.3,23.3,5,21.9,31.4,273,0,7.9,7.9,104.2,155.7,1175.8,79,2,209.5,27,80,29.7,1,273,10.5,1,1,23.2
2026-08-06T13:45:00+05:30,2026-08-06 13:45:00,28.3,32.1,23.6,15.4,23.8,31.4,289,0,7.9,7.9,104.2,155.7,1175.8,76,6,705.6,26.9,81,29.6,1,298,7.9,1,1,23.3
2026-08-06T13:41:00+05:30,2026-08-06 13:41:00,27.7,31.3,23.7,14,25.6,31.4,291,0,7.9,7.9,104.2,155.7,1175.8,79,8,829.4,26.9,81,29.6,1,307,12.2,1,1,23.3
2026-08-06T13:35:00+05:30,2026-08-06 13:35:00,27.8,31.4,23.8,10.8,31.4,31.4,268,0,7.9,7.9,104.2,155.7,1175.8,79,7,758.8,26.9,81,29.6,1,290,11.9,1,1,23.3
2026-08-06T13:31:00+05:30,2026-08-06 13:31:00,27.8,31.3,23.6,3.5,20.1,31.4,296,0,7.9,7.9,104.2,155.7,1175.8,78,5,598.4,26.9,82,29.7,1,270,9.3,1,1,23.6
2026-08-06T13:25:00+05:30,2026-08-06 13:25:00,28,31.8,23.8,7.6,14.8,23.8,266,0,7.9,7.9,104.2,155.7,1175.8,78,4,447.8,26.8,82,29.4,1,285,8.7,1,1,23.4
2026-08-06T13:22:00+05:30,2026-08-06 13:22:00,27.7,31.1,23.5,8.7,20.1,23.8,276,0,7.9,7.9,104.2,155.7,1175.8,78,8,836.1,26.8,82,29.4,1,280,8.7,1,1,23.4
2026-08-06T13:16:00+05:30,2026-08-06 13:16:00,27.9,31.5,23.7,10.5,20.1,23.8,258,0,7.9,7.9,104.2,155.7,1175.8,78,6,625.3,26.7,83,29.4,1,296,5.8,1,1,23.6
2026-08-06T13:10:00+05:30,2026-08-06 13:10:00,27.8,31.6,24,6.1,18.3,23.8,42,0,7.9,7.9,104.2,155.7,1175.8,80,7,758.2,26.7,83,29.4,1,284,3.5,1,1,23.6
2026-08-06T13:05:00+05:30,2026-08-06 13:05:00,27.7,31.6,24.2,4.7,9.3,23.8,229,0,7.9,7.9,104.2,155.7,1175.8,81,2,206.5,26.6,83,27.5,1,286,4.3,1,1,23.5
2026-08-06T13:00:00+05:30,2026-08-06 13:00:00,27.6,31.3,24,3.2,20.1,23.8,225,0,7.9,7.9,104.2,155.7,1175.8,81,2,302.2,26.6,83,27.5,1,293,4.3,1,1,23.5
2026-08-06T12:55:00+05:30,2026-08-06 12:55:00,28.2,32.8,24.6,9.7,14.8,23.8,257,0,7.9,7.9,104.2,155.7,1175.8,81,2,289.8,26.5,84,27.4,1,291,3.5,1,1,23.6
2026-08-06T12:50:00+05:30,2026-08-06 12:50:00,28.4,33.5,25,5.8,13,23.8,322,0,7.9,7.9,104.2,155.7,1175.8,82,8,898.4,26.5,84,27.4,1,322,2.1,1,1,23.6
2026-08-06T12:45:00+05:30,2026-08-06 12:45:00,27.7,31.8,24.6,3.5,5.5,23.8,296,0,7.9,7.9,104.2,155.7,1175.8,83,7,804.8,26.3,84,27.2,1,305,3.5,1,1,23.3
2026-08-06T12:40:00+05:30,2026-08-06 12:40:00,27.2,30.7,24.3,10.5,16.6,23.8,307,0,7.9,7.9,104.2,155.7,1175.8,84,6,616.3,26.3,84,27.2,1,285,3.5,1,1,23.3
2026-08-06T12:36:00+05:30,2026-08-06 12:36:00,26.9,29.9,24.1,4.7,11.1,23.8,260,0,7.9,7.9,104.2,155.7,1175.8,85,6,682,26.2,84,27.1,1,288,2.9,1,1,23.3
2026-08-06T12:30:00+05:30,2026-08-06 12:30:00,26.8,30.2,24.6,4,7.2,23.8,272,0,7.9,7.9,104.2,155.7,1175.8,88,4,417.7,26.2,84,27.1,1,272,4,1,1,23.3
2026-08-06T12:25:00+05:30,2026-08-06 12:25:00,26.3,27.3,24.1,9.7,13,23.8,279,0,7.9,7.9,104.2,155.7,1175.8,88,6,646.1,26.2,84,27.1,1,245,4.7,1,1,23.3
2026-08-06T12:20:00+05:30,2026-08-06 12:20:00,26.1,27.1,24.2,8.7,13,23.8,278,0,7.9,7.9,104.2,155.7,1175.8,89,6,618.2,26.2,84,27.1,1,287,5.5,1,1,23.3
2026-08-06T12:15:00+05:30,2026-08-06 12:15:00,26,27,24.2,6.9,11.1,23.8,314,0,7.9,7.9,104.2,155.7,1175.8,90,3,355.6,26.2,84,27.1,1,309,5.8,1,1,23.3
2026-08-06T12:10:00+05:30,2026-08-06 12:10:00,25.7,26.7,24.1,7.2,13,23.8,304,0,7.9,7.9,104.2,155.7,1175.8,91,4,411.1,26.2,84,27.1,1,288,3.5,1,1,23.3
2026-08-06T12:07:00+05:30,2026-08-06 12:07:00,25.5,26.5,24.3,3.2,7.2,23.8,274,0,7.9,7.9,104.2,155.7,1175.8,93,3,389.3,26.2,84,27.1,1,288,3.2,1,1,23.3
2026-08-06T11:51:00+05:30,2026-08-06 11:51:00,24.8,25.8,24.1,8.7,11.1,23.8,267,4.8,7.9,7.9,104.2,155.7,1175.8,96,3,318.5,26.2,84,27.1,1,291,0.6,1,1,23.3
2026-08-06T11:47:00+05:30,2026-08-06 11:47:00,24.9,25.9,24,0.6,1.8,23.8,291,13.8,7.9,7.9,104.2,155.7,1175.8,95,1,119.7,26.1,84,26.9,1,293,4.3,1,1,23.2
2026-08-06T11:41:00+05:30,2026-08-06 11:41:00,25.7,26.8,24.3,7.2,11.1,23.8,290,9,7.1,7.1,103.4,154.9,1175,92,0,77.7,26.1,84,26.9,1,273,4.3,1,1,23.2
2026-08-06T11:35:00+05:30,2026-08-06 11:35:00,26.6,27.7,24.6,2.9,9.3,23.8,282,0,5.6,5.6,101.9,153.4,1173.5,89,3,373.2,26,84,26.8,1,282,4.3,1,1,23.1
2026-08-06T11:30:00+05:30,2026-08-06 11:30:00,26.3,27.3,24.5,4.7,7.2,23.8,259,0,5.6,5.6,101.9,153.4,1173.5,90,4,423,26,84,26.8,1,289,4.7,1,1,23.1
2026-08-06T11:25:00+05:30,2026-08-06 11:25:00,26.1,27.2,24.5,9.7,18.3,23.8,333,0,5.6,5.6,101.9,153.4,1173.5,91,8,873.5,25.9,84,26.7,1,276,2.9,1,1,22.9
2026-08-06T11:20:00+05:30,2026-08-06 11:20:00,25.8,26.8,24.6,1.1,14.8,23.8,17,1.2,5.6,5.6,101.9,153.4,1173.5,93,4,414.4,25.9,84,26.7,1,204,2.9,1,1,22.9
2026-08-06T11:15:00+05:30,2026-08-06 11:15:00,25.4,26.4,24.3,1.1,5.5,23.8,336,3,5.6,5.6,101.9,153.4,1173.5,94,3,319.7,25.8,84,26.6,1,342,0.3,1,1,22.9
2026-08-06T11:10:00+05:30,2026-08-06 11:10:00,25.2,26.3,24.5,0,3.5,23.8,294,0,5.1,5.1,101.4,152.9,1173,96,5,537,25.7,84,26.6,1,339,0,1,1,22.8
2026-08-06T11:05:00+05:30,2026-08-06 11:05:00,24.3,25.3,23.9,1.1,3.5,23.8,336,0,5.1,5.1,101.4,152.9,1173,98,8,866.3,25.7,84,26.6,1,324,0.6,1,1,22.8
2026-08-06T11:00:00+05:30,2026-08-06 11:00:00,24.1,25.1,23.8,0,0,23.8,331,0,5.1,5.1,101.4,152.9,1173,98,2,224.3,25.7,84,26.6,1,18,0,1,1,22.8
2026-08-06T10:55:00+05:30,2026-08-06 10:55:00,23.9,24.9,23.6,2.1,5.5,23.8,176,0,5.1,5.1,101.4,152.9,1173,98,1,147.9,25.7,84,26.6,1,316,0.3,1,1,22.8
2026-08-06T10:50:00+05:30,2026-08-06 10:50:00,23.9,24.9,23.6,0,5.5,23.8,343,0,5.1,5.1,101.4,152.9,1173,98,0,94.2,25.7,84,26.6,1,312,0,1,1,22.8
2026-08-06T10:45:00+05:30,2026-08-06 10:45:00,23.8,24.8,23.4,0,0,23.8,321,1.2,5.1,5.1,101.4,152.9,1173,98,1,103.1,25.7,84,26.6,1,286,0,1,1,22.8
2026-08-06T10:40:00+05:30,2026-08-06 10:40:00,23.9,24.9,23.4,0,9.3,23.8,297,1.8,4.9,4.9,101.2,152.7,1172.8,97,0,51.9,25.7,84,26.6,1,280,2.6,1,1,22.8
2026-08-06T10:35:00+05:30,2026-08-06 10:35:00,23.9,24.9,23.4,0,9.3,23.8,304,1.8,4.9,4.9,101.2,152.7,1172.8,97,0,65.2,25.7,84,26.6,1,304,0.6,1,1,22.8
2026-08-06T10:30:00+05:30,2026-08-06 10:30:00,23.9,24.9,23.6,1.1,3.5,23.8,259,1.2,4.6,4.6,100.9,152.4,1172.5,98,1,103.7,25.7,84,26.6,1,259,0.3,1,1,22.8
2026-08-06T10:25:00+05:30,2026-08-06 10:25:00,24,25,23.5,0,11.1,23.8,285,7.8,4.6,4.6,100.9,152.4,1172.5,97,0,68.1,25.7,84,26.6,1,340,5,1,1,22.8
2026-08-06T10:21:00+05:30,2026-08-06 10:21:00,24.1,25.1,23.4,5.8,13,23.8,285,7.8,4.4,4.4,100.7,152.2,1172.3,96,0,67.7,25.7,84,26.6,1,262,5,1,1,22.8
2026-08-06T10:15:00+05:30,2026-08-06 10:15:00,24.5,25.5,23.6,4,9.3,18.3,271,1.2,3.3,3.3,99.6,151.1,1171.2,95,0,67.2,25.8,84,26.6,1,292,1.4,1,1,22.9
2026-08-06T10:10:00+05:30,2026-08-06 10:10:00,24.6,25.6,23.6,0.3,3.5,18.3,245,0,3.1,3.1,99.4,150.9,1171,94,0,84.4,25.7,83,26.5,1,251,1.4,1,1,22.6
2026-08-06T10:05:00+05:30,2026-08-06 10:05:00,24.4,25.4,23.5,0.3,5.5,18.3,289,0,3.1,3.1,99.4,150.9,1171,95,2,237.1,25.7,84,26.6,1,271,1.8,1,1,22.8
2026-08-06T10:00:00+05:30,2026-08-06 10:00:00,24.4,25.4,23.5,0,1.8,18.3,246,0,3.1,3.1,99.4,150.9,1171,95,1,143.2,25.7,83,26.5,1,277,0.6,1,1,22.6
2026-08-06T09:55:00+05:30,2026-08-06 09:55:00,24.4,25.4,23.7,0.6,5.5,18.3,298,0,3.1,3.1,99.4,150.9,1171,96,1,179.5,25.7,83,26.5,1,313,0.3,1,1,22.6
2026-08-06T09:45:00+05:30,2026-08-06 09:45:00,24.4,25.4,23.5,0,3.5,18.3,103,4.8,3.1,3.1,99.4,150.9,1171,95,1,149.9,25.6,83,26.4,1,96,1.8,1,1,22.5
2026-08-06T09:40:00+05:30,2026-08-06 09:40:00,24.5,25.5,23.5,1.8,11.1,18.3,139,1.8,2.6,2.6,98.9,150.4,1170.5,94,1,153.1,25.6,83,26.4,1,287,3.5,1,1,22.5
2026-08-06T09:35:00+05:30,2026-08-06 09:35:00,24.8,25.7,23.6,3.5,14.8,18.3,271,0,2.3,2.3,98.6,150.1,1170.2,93,1,134.6,25.6,83,26.4,1,242,0.6,1,1,22.5
2026-08-06T09:30:00+05:30,2026-08-06 09:30:00,24.9,25.9,23.7,0,0,18.3,246,0,2.3,2.3,98.6,150.1,1170.2,93,0,89.7,25.6,83,26.4,1,242,1.1,1,1,22.5
2026-08-06T09:25:00+05:30,2026-08-06 09:25:00,24.9,25.8,23.5,0.6,13,18.3,285,0,2.3,2.3,98.6,150.1,1170.2,92,1,116,25.5,83,26.3,1,285,6.4,1,1,22.4
2026-08-06T09:20:00+05:30,2026-08-06 09:20:00,25.1,26.1,23.5,7.2,13,16.6,9,0,2.3,2.3,98.6,150.1,1170.2,91,1,114.7,25.5,83,26.3,1,287,6.4,1,1,22.4
2026-08-06T09:15:00+05:30,2026-08-06 09:15:00,25.1,26.1,23.7,4.7,14.8,16.6,353,0,2.3,2.3,98.6,150.1,1170.2,92,2,295.7,25.4,84,26.2,1,286,4,1,1,22.5
2026-08-06T09:10:00+05:30,2026-08-06 09:10:00,25.2,26.2,23.6,5.5,7.2,14.8,272,0,2.3,2.3,98.6,150.1,1170.2,91,2,244,25.4,83,26.2,1,295,4,1,1,22.3
2026-08-06T09:05:00+05:30,2026-08-06 09:05:00,24.9,25.8,23.5,0.3,7.2,14.8,349,0,2.3,2.3,98.6,150.1,1170.2,92,2,296.6,25.4,83,26.2,1,305,4,1,1,22.3
2026-08-06T09:02:00+05:30,2026-08-06 09:02:00,24.8,25.7,23.6,11.9,14.8,14.8,296,0,2.3,2.3,98.6,150.1,1170.2,93,1,204.8,25.4,83,26.2,1,303,3.2,1,1,22.3
2026-08-06T08:50:00+05:30,2026-08-06 08:50:00,24.4,25.3,23.4,0.3,5.5,11.1,281,0,2.3,2.3,98.6,150.1,1170.2,94,1,176.6,25.3,83,26.1,1,302,1.4,1,1,22.2
2026-08-06T08:45:00+05:30,2026-08-06 08:45:00,24.2,25.2,23.4,0.3,3.5,11.1,298,0,2.3,2.3,98.6,150.1,1170.2,95,2,253.2,25.2,83,25.9,1,300,1.1,1,1,22.1
2026-08-06T08:40:00+05:30,2026-08-06 08:40:00,23.9,24.9,23.4,0.6,7.2,11.1,231,0,2.3,2.3,98.6,150.1,1170.2,97,1,146.1,25.2,83,25.9,1,231,0.3,1,1,22.1
2026-08-06T08:35:00+05:30,2026-08-06 08:35:00,23.7,24.7,23.2,1.1,3.5,11.1,296,0,2.3,2.3,98.6,150.1,1170.2,97,2,233.2,25.2,83,25.9,1,130,0,1,1,22.1
2026-08-06T08:30:00+05:30,2026-08-06 08:30:00,23.5,24.4,23,0,0,11.1,252,0,2.3,2.3,98.6,150.1,1170.2,97,1,116.7,25.2,83,25.9,1,296,0,1,1,22.1
2026-08-06T08:25:00+05:30,2026-08-06 08:25:00,23.4,24.3,22.9,3.2,3.5,11.1,293,0,2.3,2.3,98.6,150.1,1170.2,97,0,95.4,25.2,83,25.9,1,315,0.6,1,1,22.1
2026-08-06T08:20:00+05:30,2026-08-06 08:20:00,23.3,24.2,22.9,2.9,5.5,11.1,297,0,2.3,2.3,98.6,150.1,1170.2,98,1,104.1,25.2,83,25.9,1,307,0.6,1,1,22.1
2026-08-06T08:15:00+05:30,2026-08-06 08:15:00,23.2,24.2,22.9,3.2,9.3,11.1,296,0,2.3,2.3,98.6,150.1,1170.2,98,0,61.1,25.1,82,25.8,1,296,0,1,1,21.8
2026-08-06T08:10:00+05:30,2026-08-06 08:10:00,23.4,24.4,23.2,0,3.5,11.1,338,1.2,2.3,2.3,98.6,150.1,1170.2,99,0,34.7,25.1,82,25.8,1,313,0,1,1,21.8
2026-08-06T08:05:00+05:30,2026-08-06 08:05:00,23.4,24.4,23.2,0,0,11.1,316,1.2,2.3,2.3,98.6,150.1,1170.2,99,0,21.3,25.1,82,25.8,1,316,0,1,1,21.8
2026-08-06T08:00:00+05:30,2026-08-06 08:00:00,23.3,24.2,23.1,0,0,11.1,11,1.8,2.1,2.1,98.4,149.9,1170,99,0,30.7,25.1,82,25.8,1,326,0,1,1,21.8
2026-08-06T07:55:00+05:30,2026-08-06 07:55:00,23.5,24.5,23.3,0,0,11.1,332,4.8,2.1,2.1,98.4,149.9,1170,99,0,27.8,25.1,82,25.8,1,332,0,1,1,21.8
2026-08-06T07:50:00+05:30,2026-08-06 07:50:00,23.5,24.5,23.3,0,0,11.1,326,1.8,1.6,1.6,97.9,149.4,1169.5,99,0,22,25,82,25.7,1,347,0,1,1,21.7
2026-08-06T07:45:00+05:30,2026-08-06 07:45:00,23.4,24.4,23.2,0,0,11.1,343,0,1.3,1.3,97.6,149.1,1169.2,99,0,17.8,25.1,82,25.8,1,347,0,1,1,21.8
2026-08-06T07:40:00+05:30,2026-08-06 07:40:00,23.5,24.5,23.3,0,0,11.1,347,0,1.3,1.3,97.6,149.1,1169.2,99,0,28.6,25.1,82,25.8,1,343,0,1,1,21.8
2026-08-06T07:35:00+05:30,2026-08-06 07:35:00,23.3,24.2,23.1,0,0,11.1,343,0,1.3,1.3,97.6,149.1,1169.2,99,0,33.5,25.1,82,25.8,1,331,0,1,1,21.8
2026-08-06T07:30:00+05:30,2026-08-06 07:30:00,23.4,24.4,23.2,0,0,11.1,331,0,1.3,1.3,97.6,149.1,1169.2,99,0,19,25,82,25.7,1,331,0,1,1,21.7
2026-08-06T07:25:00+05:30,2026-08-06 07:25:00,23.4,24.3,23.1,0,0,11.1,330,0,1.3,1.3,97.6,149.1,1169.2,98,0,23,25,82,25.7,1,330,0,1,1,21.7
2026-08-06T07:20:00+05:30,2026-08-06 07:20:00,23.3,24.2,22.9,0,0,11.1,332,0,1.3,1.3,97.6,149.1,1169.2,98,0,26.2,25,82,25.7,1,349,0,1,1,21.7
2026-08-06T07:15:00+05:30,2026-08-06 07:15:00,23.3,24.2,22.9,0,0,11.1,357,0,1.3,1.3,97.6,149.1,1169.2,98,0,36,25,82,25.7,1,357,0,1,1,21.7
2026-08-06T07:10:00+05:30,2026-08-06 07:10:00,23.2,24.2,22.9,0,0,11.1,354,0,1.3,1.3,97.6,149.1,1169.2,98,0,28.4,25,82,25.7,1,293,0,1,1,21.7
2026-08-06T07:05:00+05:30,2026-08-06 07:05:00,23.2,24.2,22.9,0,0,11.1,293,0,1.3,1.3,97.6,149.1,1169.2,98,0,34.1,25,82,25.7,1,139,0,1,1,21.7
2026-08-06T07:00:00+05:30,2026-08-06 07:00:00,23.1,24,22.8,0,0,11.1,137,0,1.3,1.3,97.6,149.1,1169.2,98,0,28.2,25,82,25.7,1,139,0,1,1,21.7
2026-08-06T06:55:00+05:30,2026-08-06 06:55:00,23,23.9,22.7,0,3.5,11.1,133,0,1.3,1.3,97.6,149.1,1169.2,98,0,24.9,25,82,25.7,1,293,0,1,1,21.7
2026-08-06T06:50:00+05:30,2026-08-06 06:50:00,23,23.9,22.7,0,0,11.1,293,0,1.3,1.3,97.6,149.1,1169.2,98,0,23.8,25,82,25.7,1,293,0,1,1,21.7
2026-08-06T06:45:00+05:30,2026-08-06 06:45:00,23,23.9,22.7,0,0,11.1,300,0,1.3,1.3,97.6,149.1,1169.2,98,0,15.6,25,82,25.7,1,356,0,1,1,21.7
2026-08-06T06:40:00+05:30,2026-08-06 06:40:00,23,23.9,22.7,0,0,11.1,356,0,1.3,1.3,97.6,149.1,1169.2,98,0,9.9,25,82,25.7,1,356,0,1,1,21.7
2026-08-06T06:35:00+05:30,2026-08-06 06:35:00,23,23.9,22.7,0,0,11.1,1,0,1.3,1.3,97.6,149.1,1169.2,98,0,3.9,25,82,25.7,1,39,0,1,1,21.7
2026-08-06T06:30:00+05:30,2026-08-06 06:30:00,23.1,24,22.6,0,0,11.1,43,0,1.3,1.3,97.6,149.1,1169.2,97,0,5.3,25.1,81,25.8,1,43,0,1,1,21.6
2026-08-06T06:25:00+05:30,2026-08-06 06:25:00,23.1,24,22.4,0,0,11.1,47,1.2,1.3,1.3,97.6,149.1,1169.2,96,0,3.8,25,81,25.7,1,47,0,1,1,21.5
2026-08-06T06:20:00+05:30,2026-08-06 06:20:00,23.3,24.2,22.6,0,3.5,11.1,19,1.2,1.3,1.3,97.6,149.1,1169.2,96,0,5.2,25,81,25.7,1,287,0,1,1,21.5
2026-08-06T06:15:00+05:30,2026-08-06 06:15:00,23.4,24.3,22.7,0,0,7.2,290,6.6,1.1,1.1,97.4,148.9,1169,96,0,0.9,25.1,81,25.8,1,158,0,1,1,21.6
2026-08-06T06:10:00+05:30,2026-08-06 06:10:00,23.6,24.5,22.6,0,0,7.2,288,4.8,0.8,0.8,97.1,148.6,1168.7,94,0,0.9,25,81,25.7,1,288,0,1,1,21.5
2026-08-06T06:05:00+05:30,2026-08-06 06:05:00,23.6,24.5,22.4,0,0,7.2,294,0,0,0,96.3,147.8,1167.9,93,0,0.6,25,81,25.7,1,309,0,1,1,21.5
2026-08-06T06:00:00+05:30,2026-08-06 06:00:00,23.7,24.6,22.5,0,0,7.2,309,0,0,0,96.3,147.8,1167.9,93,0,0.3,25.1,81,25.8,1,309,0,1,1,21.6
2026-08-06T05:55:00+05:30,2026-08-06 05:55:00,23.6,24.5,22.4,0,0,7.2,5,0,0,0,96.3,147.8,1167.9,93,0,0.1,25.1,81,25.8,1,349,0,1,1,21.6
2026-08-06T05:50:00+05:30,2026-08-06 05:50:00,23.5,24.3,22.3,0,0,7.2,349,0,0,0,96.3,147.8,1167.9,93,0,0.1,25.1,81,25.8,1,78,0,1,1,21.6
2026-08-06T05:45:00+05:30,2026-08-06 05:45:00,23.5,24.4,22.5,0,0,7.2,78,0,0,0,96.3,147.8,1167.9,94,0,0,25.1,81,25.8,1,78,0,1,1,21.6
2026-08-06T05:40:00+05:30,2026-08-06 05:40:00,23.4,24.2,22.2,0,0,7.2,78,0,0,0,96.3,147.8,1167.9,93,0,0,25.1,81,25.8,1,67,0,1,1,21.6
2026-08-06T05:35:00+05:30,2026-08-06 05:35:00,23.2,24.1,22.4,0,0,7.2,323,0,0,0,96.3,147.8,1167.9,95,0,0,25.1,81,25.8,1,67,0,1,1,21.6
2026-08-06T05:30:00+05:30,2026-08-06 05:30:00,23.1,24,22.4,0,0,7.2,67,0,0,0,96.3,147.8,1167.9,96,0,0,25.1,81,25.8,1,328,0,1,1,21.6
2026-08-06T05:25:00+05:30,2026-08-06 05:25:00,22.8,23.6,22.3,0,0,5.5,240,0,0,0,96.3,147.8,1167.9,97,0,0,25.1,81,25.8,1,331,0,1,1,21.6
2026-08-06T05:20:00+05:30,2026-08-06 05:20:00,22.8,23.7,22.4,0,0,5.5,330,0,0,0,96.3,147.8,1167.9,98,0,0,25.1,81,25.8,1,330,0,1,1,21.6
2026-08-06T05:15:00+05:30,2026-08-06 05:15:00,22.8,23.7,22.6,0,0,5.5,330,0,0,0,96.3,147.8,1167.9,99,0,0,25.1,81,25.8,1,330,0,1,1,21.6
2026-08-06T05:10:00+05:30,2026-08-06 05:10:00,22.7,23.6,22.6,0,0,5.5,337,0,0,0,96.3,147.8,1167.9,99,0,0,25.1,81,25.8,1,338,0,1,1,21.6
2026-08-06T05:05:00+05:30,2026-08-06 05:05:00,22.7,23.6,22.6,0,0,5.5,337,0,0,0,96.3,147.8,1167.9,99,0,0,25.1,81,25.8,1,337,0,1,1,21.6
2026-08-06T05:00:00+05:30,2026-08-06 05:00:00,22.8,23.7,22.4,0,0,5.5,338,0,0,0,96.3,147.8,1167.9,98,0,0,25.1,81,25.8,1,338,0,1,1,21.6
2026-08-06T04:55:00+05:30,2026-08-06 04:55:00,22.8,23.7,22.4,0,0,5.5,338,0,0,0,96.3,147.8,1167.9,98,0,0,25.1,81,25.8,1,338,0,1,1,21.6
2026-08-06T04:50:00+05:30,2026-08-06 04:50:00,22.8,23.7,22.6,0,0,5.5,338,0,0,0,96.3,147.8,1167.9,99,0,0,25.1,81,25.8,1,338,0,1,1,21.6
2026-08-06T04:45:00+05:30,2026-08-06 04:45:00,22.7,23.6,22.4,0,0,5.5,339,0,0,0,96.3,147.8,1167.9,98,0,0,25.1,81,25.8,1,333,0,1,1,21.6
2026-08-06T04:40:00+05:30,2026-08-06 04:40:00,22.8,23.7,22.4,0,0,5.5,327,0,0,0,96.3,147.8,1167.9,98,0,0,25.1,81,25.8,1,326,0,1,1,21.6
2026-08-06T04:35:00+05:30,2026-08-06 04:35:00,22.8,23.7,22.4,0,0,5.5,334,0,0,0,96.3,147.8,1167.9,98,0,0,25.1,81,25.8,1,334,0,1,1,21.6
2026-08-06T04:30:00+05:30,2026-08-06 04:30:00,22.8,23.7,22.4,0,0,5.5,334,0,0,0,96.3,147.8,1167.9,98,0,0,25.1,81,25.8,1,334,0,1,1,21.6
2026-08-06T04:25:00+05:30,2026-08-06 04:25:00,22.8,23.7,22.4,0,0,5.5,333,0,0,0,96.3,147.8,1167.9,98,0,0,25.1,81,25.8,1,333,0,1,1,21.6
2026-08-06T04:20:00+05:30,2026-08-06 04:20:00,22.7,23.6,22.4,0,0,5.5,342,0,0,0,96.3,147.8,1167.9,98,0,0,25.1,80,25.8,1,342,0,1,1,21.4
2026-08-06T04:15:00+05:30,2026-08-06 04:15:00,22.7,23.6,22.4,0,0,5.5,342,0,0,0,96.3,147.8,1167.9,98,0,0,25.1,80,25.8,1,342,0,1,1,21.4
2026-08-06T04:10:00+05:30,2026-08-06 04:10:00,22.7,23.6,22.4,0,0,5.5,342,0,0,0,96.3,147.8,1167.9,98,0,0,25.1,80,25.8,1,311,0,1,1,21.4
2026-08-06T04:05:00+05:30,2026-08-06 04:05:00,22.7,23.6,22.4,0,0,5.5,317,0,0,0,96.3,147.8,1167.9,98,0,0,25.1,80,25.8,1,311,0,1,1,21.4
2026-08-06T04:00:00+05:30,2026-08-06 04:00:00,22.6,23.5,22.3,0,0,5.5,330,0,0,0,96.3,147.8,1167.9,98,0,0,25.1,80,25.8,1,341,0,1,1,21.4
2026-08-06T03:55:00+05:30,2026-08-06 03:55:00,22.6,23.5,22.3,0,0,5.5,341,0,0,0,96.3,147.8,1167.9,98,0,0,25.1,80,25.8,1,341,0,1,1,21.4
2026-08-06T03:50:00+05:30,2026-08-06 03:50:00,22.7,23.6,22.4,0,0,5.5,335,0,0,0,96.3,147.8,1167.9,98,0,0,25.1,80,25.8,1,335,0,1,1,21.4
2026-08-06T03:45:00+05:30,2026-08-06 03:45:00,22.7,23.6,22.4,0,0,5.5,334,0,0,0,96.3,147.8,1167.9,98,0,0,25.1,80,25.8,1,334,0,1,1,21.4
2026-08-06T03:40:00+05:30,2026-08-06 03:40:00,22.6,23.5,22.1,0,0,5.5,336,0,0,0,96.3,147.8,1167.9,97,0,0,25.2,80,25.9,1,336,0,1,1,21.5
2026-08-06T03:35:00+05:30,2026-08-06 03:35:00,22.7,23.6,22.2,0,0,5.5,330,0,0,0,96.3,147.8,1167.9,97,0,0,25.1,80,25.8,1,330,0,1,1,21.4
2026-08-06T03:30:00+05:30,2026-08-06 03:30:00,22.7,23.6,22.2,0,0,5.5,330,0,0,0,96.3,147.8,1167.9,97,0,0,25.2,80,25.9,1,310,0,1,1,21.5
2026-08-06T03:25:00+05:30,2026-08-06 03:25:00,22.7,23.6,22,0,0,5.5,309,0,0,0,96.3,147.8,1167.9,96,0,0,25.1,80,25.8,1,309,0,1,1,21.4
2026-08-06T03:20:00+05:30,2026-08-06 03:20:00,22.8,23.6,22.1,0,0,5.5,306,0,0,0,96.3,147.8,1167.9,96,0,0,25.1,80,25.8,1,306,0,1,1,21.4
2026-08-06T03:15:00+05:30,2026-08-06 03:15:00,22.9,23.7,22.2,0,0,5.5,306,0,0,0,96.3,147.8,1167.9,96,0,0,25.2,80,25.9,1,306,0,1,1,21.5
2026-08-06T03:10:00+05:30,2026-08-06 03:10:00,22.9,23.7,22.2,0,0,5.5,306,0,0,0,96.3,147.8,1167.9,96,0,0,25.1,80,25.8,1,306,0,1,1,21.4
2026-08-06T03:05:00+05:30,2026-08-06 03:05:00,22.9,23.7,22,0,0,5.5,306,0,0,0,96.3,147.8,1167.9,95,0,0,25.1,80,25.8,1,306,0,1,1,21.4
2026-08-06T03:00:00+05:30,2026-08-06 03:00:00,22.9,23.7,22,0,0,5.5,306,0,0,0,96.3,147.8,1167.9,95,0,0,25.2,80,25.9,1,306,0,1,1,21.5
2026-08-06T02:55:00+05:30,2026-08-06 02:55:00,22.9,23.7,22,0,0,5.5,306,0,0,0,96.3,147.8,1167.9,95,0,0,25.2,80,25.9,1,306,0,1,1,21.5
2026-08-06T02:50:00+05:30,2026-08-06 02:50:00,23,23.8,22.2,0,0,5.5,307,0,0,0,96.3,147.8,1167.9,95,0,0,25.2,79,25.9,1,307,0,1,1,21.3
2026-08-06T02:45:00+05:30,2026-08-06 02:45:00,23,23.8,22,0,0,5.5,307,0,0,0,96.3,147.8,1167.9,94,0,0,25.2,79,25.9,1,307,0,1,1,21.3
2026-08-06T02:40:00+05:30,2026-08-06 02:40:00,23.1,23.9,22.1,0,0,5.5,307,0,0,0,96.3,147.8,1167.9,94,0,0,25.2,79,25.9,1,307,0,1,1,21.3
2026-08-06T02:35:00+05:30,2026-08-06 02:35:00,23.1,23.9,21.9,0,0,5.5,305,0,0,0,96.3,147.8,1167.9,93,0,0,25.2,79,25.9,1,305,0,1,1,21.3
2026-08-06T02:30:00+05:30,2026-08-06 02:30:00,23.2,24,22,0,0,5.5,305,0,0,0,96.3,147.8,1167.9,93,0,0,25.2,79,25.9,1,305,0,1,1,21.3
2026-08-06T02:25:00+05:30,2026-08-06 02:25:00,23.2,24,22,0,0,5.5,305,0,0,0,96.3,147.8,1167.9,93,0,0,25.2,79,25.9,1,305,0,1,1,21.3
2026-08-06T02:20:00+05:30,2026-08-06 02:20:00,23.2,24,21.8,0,0,5.5,305,0,0,0,96.3,147.8,1167.9,92,0,0,25.2,79,25.9,1,345,0,1,1,21.3
2026-08-06T02:15:00+05:30,2026-08-06 02:15:00,23.2,24,22,0,0,5.5,345,0,0,0,96.3,147.8,1167.9,93,0,0,25.2,79,25.9,1,345,0,1,1,21.3
2026-08-06T02:10:00+05:30,2026-08-06 02:10:00,23.2,24,21.8,0,0,5.5,345,0,0,0,96.3,147.8,1167.9,92,0,0,25.2,79,25.9,1,345,0,1,1,21.3
2026-08-06T02:05:00+05:30,2026-08-06 02:05:00,23.1,23.9,21.7,0,0,5.5,345,0,0,0,96.3,147.8,1167.9,92,0,0,25.2,79,25.9,1,312,0,1,1,21.3
2026-08-06T02:00:00+05:30,2026-08-06 02:00:00,23.1,23.9,21.7,0,0,5.5,314,0,0,0,96.3,147.8,1167.9,92,0,0,25.2,79,25.9,1,314,0,1,1,21.3
2026-08-06T01:55:00+05:30,2026-08-06 01:55:00,23.1,23.9,21.7,0,0,5.5,314,0,0,0,96.3,147.8,1167.9,92,0,0,25.2,79,25.9,1,314,0,1,1,21.3
2026-08-06T01:50:00+05:30,2026-08-06 01:50:00,23.1,23.9,21.7,0,0,5.5,314,0,0,0,96.3,147.8,1167.9,92,0,0,25.2,79,25.9,1,314,0,1,1,21.3
2026-08-06T01:45:00+05:30,2026-08-06 01:45:00,23.2,24,21.8,0,0,5.5,314,0,0,0,96.3,147.8,1167.9,92,0,0,25.2,79,25.9,1,314,0,1,1,21.3
2026-08-06T01:40:00+05:30,2026-08-06 01:40:00,23.2,24,21.7,0,0,5.5,314,0,0,0,96.3,147.8,1167.9,91,0,0,25.2,79,25.9,1,314,0,1,1,21.3
2026-08-06T01:35:00+05:30,2026-08-06 01:35:00,23.2,24,21.8,0,0,5.5,314,0,0,0,96.3,147.8,1167.9,92,0,0,25.2,79,25.9,1,314,0,1,1,21.3
2026-08-06T01:30:00+05:30,2026-08-06 01:30:00,23.2,24,21.8,0,0,5.5,314,0,0,0,96.3,147.8,1167.9,92,0,0,25.2,79,25.9,1,314,0,1,1,21.3
2026-08-06T01:25:00+05:30,2026-08-06 01:25:00,23.2,24,21.7,0,0,5.5,314,0,0,0,96.3,147.8,1167.9,91,0,0,25.2,79,25.9,1,314,0,1,1,21.3
2026-08-06T01:20:00+05:30,2026-08-06 01:20:00,23.3,24,21.7,0,0,5.5,314,0,0,0,96.3,147.8,1167.9,91,0,0,25.3,79,25.9,1,314,0,1,1,21.4
2026-08-06T01:15:00+05:30,2026-08-06 01:15:00,23.4,24.2,21.8,0,0,5.5,314,0,0,0,96.3,147.8,1167.9,91,0,0,25.2,79,25.9,1,314,0,1,1,21.3
2026-08-06T01:10:00+05:30,2026-08-06 01:10:00,23.4,24.1,21.7,0,0,5.5,314,0,0,0,96.3,147.8,1167.9,90,0,0,25.2,79,25.9,1,314,0,1,1,21.3
2026-08-06T01:05:00+05:30,2026-08-06 01:05:00,23.5,24.3,21.8,0,0,5.5,305,0,0,0,96.3,147.8,1167.9,90,0,0,25.3,79,25.9,1,308,0,1,1,21.4
2026-08-06T01:00:00+05:30,2026-08-06 01:00:00,23.5,24.2,21.6,0,0,5.5,305,0,0,0,96.3,147.8,1167.9,89,0,0,25.2,79,25.9,1,305,0,1,1,21.3
2026-08-06T00:55:00+05:30,2026-08-06 00:55:00,23.6,24.4,21.7,0,0,5.5,305,0,0,0,96.3,147.8,1167.9,89,0,0,25.2,79,25.9,1,308,0,1,1,21.3
2026-08-06T00:50:00+05:30,2026-08-06 00:50:00,23.7,24.4,21.6,0,0,5.5,308,0,0,0,96.3,147.8,1167.9,88,0,0,25.3,79,25.9,1,308,0,1,1,21.4
2026-08-06T00:45:00+05:30,2026-08-06 00:45:00,23.6,24.3,21.5,0,0,5.5,309,0,0,0,96.3,147.8,1167.9,88,0,0,25.3,79,25.9,1,274,0,1,1,21.4
2026-08-06T00:40:00+05:30,2026-08-06 00:40:00,23.6,24.4,21.7,0,0,5.5,35,0,0,0,96.3,147.8,1167.9,89,0,0,25.3,79,25.9,1,274,0,1,1,21.4
2026-08-06T00:35:00+05:30,2026-08-06 00:35:00,23.8,24.5,21.7,0,0,5.5,274,0,0,0,96.3,147.8,1167.9,88,0,0,25.3,79,25.9,1,274,0,1,1,21.4
2026-08-06T00:30:00+05:30,2026-08-06 00:30:00,23.8,24.5,21.5,0,0,5.5,274,0,0,0,96.3,147.8,1167.9,87,0,0,25.3,79,25.9,1,274,0,1,1,21.4
2026-08-06T00:25:00+05:30,2026-08-06 00:25:00,23.9,24.6,21.6,0,0,5.5,274,0,0,0,96.3,147.8,1167.9,87,0,0,25.3,79,25.9,1,274,0,1,1,21.4
2026-08-06T00:20:00+05:30,2026-08-06 00:20:00,23.8,24.5,21.5,0,1.8,5.5,245,0,0,0,96.3,147.8,1167.9,87,0,0,25.3,79,25.9,1,288,0,1,1,21.4
2026-08-06T00:15:00+05:30,2026-08-06 00:15:00,23.7,24.4,21.4,0,1.8,1.8,296,0,0,0,96.3,147.8,1167.9,87,0,0,25.3,79,25.9,1,294,0,1,1,21.4
2026-08-06T00:10:00+05:30,2026-08-06 00:10:00,23.6,24.3,21.5,0,0,0,230,0,0,0,96.3,147.8,1167.9,88,0,0,25.3,79,25.9,1,294,0,1,1,21.4
2026-08-06T00:05:00+05:30,2026-08-06 00:05:00,23.7,24.4,21.6,0,0,0,293,0,0,0,96.3,147.8,1167.9,88,0,0,25.3,79,25.9,1,293,0,1,1,21.4
2026-08-06T00:00:00+05:30,2026-08-06 00:00:00,23.8,24.5,21.5,0,0,0,293,0,0,0,96.3,147.8,1167.9,87,0,0,25.3,79,25.9,1,285,0,1,1,21.4