"Date","Simple Date","Outdoor Temperature (°C)","Feels Like (°C)","Dew Point (°C)","Wind Speed (km/hr)","Wind Gust (km/hr)","Max Daily Gust (km/hr)","Wind Direction (°)","Rain Rate (mm/hr)","Event Rain (mm)","Daily Rain (mm)","Weekly Rain (mm)","Monthly Rain (mm)","Yearly Rain (mm)","Relative Pressure (hPa)","Humidity (%)","Ultra-Violet Radiation Index","Solar Radiation (W/m^2)","Indoor Temperature (°C)","Indoor Humidity (%)","Indoor Battery","Absolute Pressure (hPa)","Indoor Feels Like (°C)","Indoor Dew Point (°C)","Outdoor Battery","Avg Wind Direction (10 mins) (°)","Avg Wind Speed (10 mins) (km/hr)"
2025-11-30T23:55:00+05:30,2025-11-30 23:55:00,19.1,19.1,18.6,0,0,21.9,181,0,0,0,0,788.4,1404.9,953.8,97,0,0,23.8,77,1,953.8,24.2,19.5,1,181,0
2025-11-30T23:50:00+05:30,2025-11-30 23:50:00,19.1,19.1,18.6,0,0,21.9,180,0,0,0,0,788.4,1404.9,953.8,97,0,0,23.9,77,1,953.8,24.3,19.6,1,180,0
2025-11-30T23:45:00+05:30,2025-11-30 23:45:00,19.1,19.1,18.6,0,0,21.9,180,0,0,0,0,788.4,1404.9,953.7,97,0,0,23.9,77,1,953.7,24.3,19.6,1,180,0
2025-11-30T23:40:00+05:30,2025-11-30 23:40:00,19.2,19.2,18.7,0,0,21.9,183,0,0,0,0,788.4,1404.9,953.8,97,0,0,23.9,77,1,953.8,24.3,19.6,1,183,1.1
2025-11-30T23:35:00+05:30,2025-11-30 23:35:00,19.2,19.2,18.7,0.3,1.8,21.9,180,0,0,0,0,788.4,1404.9,954,97,0,0,23.9,77,1,954,24.3,19.6,1,180,1.1
2025-11-30T23:30:00+05:30,2025-11-30 23:30:00,19.2,19.2,18.7,1.4,1.8,21.9,181,0,0,0,0,788.4,1404.9,953.8,97,0,0,23.9,77,1,953.8,24.3,19.6,1,181,1.8
2025-11-30T23:25:00+05:30,2025-11-30 23:25:00,19.2,19.2,18.7,1.8,1.8,21.9,179,0,0,0,0,788.4,1404.9,953.8,97,0,0,24,77,1,953.8,24.4,19.7,1,179,1.8
2025-11-30T23:20:00+05:30,2025-11-30 23:20:00,19.3,19.3,18.8,0.6,1.8,21.9,182,0,0,0,0,788.4,1404.9,953.8,97,0,0,24,77,1,953.8,24.4,19.7,1,182,0
2025-11-30T23:15:00+05:30,2025-11-30 23:15:00,19.3,19.3,18.8,0,0,21.9,182,0,0,0,0,788.4,1404.9,953.8,97,0,0,24,77,1,953.8,24.4,19.7,1,182,0
2025-11-30T23:10:00+05:30,2025-11-30 23:10:00,19.4,19.4,18.9,0,0,21.9,182,0,0,0,0,788.4,1404.9,954.1,97,0,0,24,77,1,954.1,24.4,19.7,1,181,0
2025-11-30T23:05:00+05:30,2025-11-30 23:05:00,19.5,19.5,19,0.6,1.8,21.9,182,0,0,0,0,788.4,1404.9,954,97,0,0,24,77,1,954,24.4,19.7,1,182,0.3
2025-11-30T23:00:00+05:30,2025-11-30 23:00:00,19.4,19.4,18.7,0,0,21.9,182,0,0,0,0,788.4,1404.9,954.2,96,0,0,24,77,1,954.2,24.4,19.7,1,179,0.3
2025-11-30T22:55:00+05:30,2025-11-30 22:55:00,19.5,19.5,18.8,0.6,1.8,21.9,189,0,0,0,0,788.4,1404.9,954.2,96,0,0,24.1,77,1,954.2,24.6,19.8,1,189,1.8
2025-11-30T22:50:00+05:30,2025-11-30 22:50:00,19.6,19.6,19,1.8,1.8,21.9,152,0,0,0,0,788.4,1404.9,954.1,96,0,0,24.1,77,1,954.1,24.6,19.8,1,180,1.8
2025-11-30T22:45:00+05:30,2025-11-30 22:45:00,19.6,19.6,19,0,0,21.9,185,0,0,0,0,788.4,1404.9,954.1,96,0,0,24.1,77,1,954.1,24.6,19.8,1,180,1.8
2025-11-30T22:40:00+05:30,2025-11-30 22:40:00,19.6,19.6,19,1.8,1.8,21.9,181,0,0,0,0,788.4,1404.9,953.9,96,0,0,24.2,77,1,953.9,24.7,19.9,1,181,1.8
2025-11-30T22:35:00+05:30,2025-11-30 22:35:00,19.6,19.6,19,0,0,21.9,181,0,0,0,0,788.4,1404.9,954.2,96,0,0,24.2,77,1,954.2,24.7,19.9,1,178,1.8
2025-11-30T22:30:00+05:30,2025-11-30 22:30:00,19.6,19.6,19,0,0,21.9,181,0,0,0,0,788.4,1404.9,954.1,96,0,0,24.2,77,1,954.1,24.7,19.9,1,181,1.8
2025-11-30T22:25:00+05:30,2025-11-30 22:25:00,19.6,19.6,19,1.1,1.8,21.9,184,0,0,0,0,788.4,1404.9,954.4,96,0,0,24.2,77,1,954.4,24.7,19.9,1,180,0.6
2025-11-30T22:20:00+05:30,2025-11-30 22:20:00,19.7,19.7,19.1,0,0,21.9,178,0,0,0,0,788.4,1404.9,954.1,96,0,0,24.2,77,1,954.1,24.7,19.9,1,178,0.3
2025-11-30T22:15:00+05:30,2025-11-30 22:15:00,19.7,19.7,19.1,0.3,1.8,21.9,177,0,0,0,0,788.4,1404.9,954.1,96,0,0,24.2,77,1,954.1,24.7,19.9,1,175,1.4
2025-11-30T22:10:00+05:30,2025-11-30 22:10:00,19.8,19.8,19.1,1.4,1.8,21.9,181,0,0,0,0,788.4,1404.9,954.3,96,0,0,24.2,77,1,954.3,24.7,19.9,1,109,2.1
2025-11-30T22:05:00+05:30,2025-11-30 22:05:00,20,20,19.3,2.1,3.5,21.9,109,0,0,0,0,788.4,1404.9,954.1,96,0,0,24.3,77,1,954.1,24.8,20,1,109,2.1
2025-11-30T22:00:00+05:30,2025-11-30 22:00:00,20,20,19.3,2.1,3.5,21.9,109,0,0,0,0,788.4,1404.9,954.4,96,0,0,24.3,77,1,954.4,24.8,20,1,109,2.1
2025-11-30T21:55:00+05:30,2025-11-30 21:55:00,20,20,19.3,2.1,3.5,21.9,109,0,0,0,0,788.4,1404.9,954.3,96,0,0,24.3,77,1,954.3,24.8,20,1,171,2.1
2025-11-30T21:50:00+05:30,2025-11-30 21:50:00,20.1,20.7,19.3,2.1,3.5,21.9,162,0,0,0,0,788.4,1404.9,954.4,95,0,0,24.3,77,1,954.4,24.8,20,1,171,1.4
2025-11-30T21:45:00+05:30,2025-11-30 21:45:00,20.1,20.7,19.3,1.4,1.8,21.9,176,0,0,0,0,788.4,1404.9,954.4,95,0,0,24.3,76,1,954.4,24.7,19.8,1,171,1.4
2025-11-30T21:40:00+05:30,2025-11-30 21:40:00,20.2,20.8,19.4,1.1,1.8,21.9,175,0,0,0,0,788.4,1404.9,954.2,95,0,0,24.4,76,1,954.2,24.9,19.9,1,170,1.8
2025-11-30T21:35:00+05:30,2025-11-30 21:35:00,20.2,20.8,19.2,1.4,1.8,21.9,171,0,0,0,0,788.4,1404.9,954.4,94,0,0,24.4,77,1,954.4,24.9,20.1,1,179,2.6
2025-11-30T21:30:00+05:30,2025-11-30 21:30:00,20.3,20.8,19.3,2.1,3.5,21.9,179,0,0,0,0,788.4,1404.9,954.3,94,0,0,24.4,77,1,954.3,24.9,20.1,1,175,2.9
2025-11-30T21:25:00+05:30,2025-11-30 21:25:00,20.3,20.8,19.3,2.9,3.5,21.9,184,0,0,0,0,788.4,1404.9,954.5,94,0,0,24.4,76,1,954.5,24.9,19.9,1,151,3.5
2025-11-30T21:20:00+05:30,2025-11-30 21:20:00,20.5,21,19.3,3.5,3.5,21.9,184,0,0,0,0,788.4,1404.9,954.4,93,0,0,24.5,77,1,954.4,25,20.2,1,184,3.5
2025-11-30T21:15:00+05:30,2025-11-30 21:15:00,20.5,21,19.3,3.5,3.5,21.9,184,0,0,0,0,788.4,1404.9,954.5,93,0,0,24.5,77,1,954.5,25,20.2,1,184,3.5
2025-11-30T21:10:00+05:30,2025-11-30 21:10:00,20.5,21,19.3,3.5,3.5,21.9,184,0,0,0,0,788.4,1404.9,954.2,93,0,0,24.5,76,1,954.2,25,20,1,184,3.5
2025-11-30T21:05:00+05:30,2025-11-30 21:05:00,20.5,21,19.3,3.5,3.5,21.9,184,0,0,0,0,788.4,1404.9,954.2,93,0,0,24.5,76,1,954.2,25,20,1,184,3.5
2025-11-30T21:00:00+05:30,2025-11-30 21:00:00,20.6,21.1,19.3,2.1,3.5,21.9,177,0,0,0,0,788.4,1404.9,954.6,92,0,0,24.6,76,1,954.6,25.1,20.1,1,177,2.1
2025-11-30T20:55:00+05:30,2025-11-30 20:55:00,20.6,21.1,19.3,2.1,3.5,21.9,183,0,0,0,0,788.4,1404.9,954.3,92,0,0,24.6,76,1,954.3,25.1,20.1,1,178,2.9
2025-11-30T20:50:00+05:30,2025-11-30 20:50:00,20.6,21.1,19.3,3.5,3.5,21.9,183,0,0,0,0,788.4,1404.9,954.3,92,0,0,24.6,76,1,954.3,25.1,20.1,1,183,3.5
2025-11-30T20:45:00+05:30,2025-11-30 20:45:00,20.6,21.1,19.3,3.5,3.5,21.9,179,0,0,0,0,788.4,1404.9,954.2,92,0,0,24.7,76,1,954.2,25.2,20.2,1,179,3.5
2025-11-30T20:40:00+05:30,2025-11-30 20:40:00,20.6,21.1,19.3,4,5.5,21.9,175,0,0,0,0,788.4,1404.9,954.2,92,0,0,24.7,76,1,954.2,25.2,20.2,1,175,2.6
2025-11-30T20:35:00+05:30,2025-11-30 20:35:00,20.7,21.3,19.4,2.6,3.5,21.9,181,0,0,0,0,788.4,1404.9,954.4,92,0,0,24.7,76,1,954.4,25.2,20.2,1,181,1.8
2025-11-30T20:30:00+05:30,2025-11-30 20:30:00,20.7,21.3,19.4,1.8,1.8,21.9,182,0,0,0,0,788.4,1404.9,954.2,92,0,0,24.8,76,1,954.2,25.3,20.3,1,181,0.3
2025-11-30T20:25:00+05:30,2025-11-30 20:25:00,20.7,21.3,19.4,0.3,1.8,21.9,185,0,0,0,0,788.4,1404.9,954.1,92,0,0,24.8,76,1,954.1,25.3,20.3,1,185,0
2025-11-30T20:20:00+05:30,2025-11-30 20:20:00,20.8,21.3,19.3,0,0,21.9,186,0,0,0,0,788.4,1404.9,953.9,91,0,0,24.8,76,1,953.9,25.3,20.3,1,186,0.6
2025-11-30T20:15:00+05:30,2025-11-30 20:15:00,20.9,21.4,19.4,1.8,1.8,21.9,177,0,0,0,0,788.4,1404.9,954,91,0,0,24.8,76,1,954,25.3,20.3,1,179,1.8
2025-11-30T20:10:00+05:30,2025-11-30 20:10:00,21,21.5,19.5,1.1,1.8,21.9,180,0,0,0,0,788.4,1404.9,954,91,0,0,24.9,76,1,954,25.4,20.3,1,188,1.8
2025-11-30T20:05:00+05:30,2025-11-30 20:05:00,21,21.5,19.5,1.8,1.8,21.9,182,0,0,0,0,788.4,1404.9,953.9,91,0,0,24.9,76,1,953.9,25.4,20.3,1,182,0
2025-11-30T20:00:00+05:30,2025-11-30 20:00:00,21.1,21.7,19.6,0,0,21.9,185,0,0,0,0,788.4,1404.9,953.7,91,0,0,25,76,1,953.7,25.6,20.4,1,184,0
2025-11-30T19:55:00+05:30,2025-11-30 19:55:00,21.1,21.6,19.4,1.1,1.8,21.9,180,0,0,0,0,788.4,1404.9,953.6,90,0,0,25,76,1,953.6,25.6,20.4,1,180,1.1
2025-11-30T19:50:00+05:30,2025-11-30 19:50:00,21.1,21.6,19.4,0,0,21.9,186,0,0,0,0,788.4,1404.9,953.7,90,0,0,25,76,1,953.7,25.6,20.4,1,181,1.1
2025-11-30T19:45:00+05:30,2025-11-30 19:45:00,21.2,21.8,19.7,0.3,1.8,21.9,181,0,0,0,0,788.4,1404.9,953.7,91,0,0,25,76,1,953.7,25.6,20.4,1,181,0
2025-11-30T19:40:00+05:30,2025-11-30 19:40:00,21.4,21.9,19.7,0,0,21.9,182,0,0,0,0,788.4,1404.9,953.4,90,0,0,25.1,75,1,953.4,25.6,20.3,1,182,0
2025-11-30T19:35:00+05:30,2025-11-30 19:35:00,21.5,22.1,19.8,0.3,1.8,21.9,185,0,0,0,0,788.4,1404.9,953.6,90,0,0,25.1,76,1,953.6,25.7,20.6,1,184,0.3
2025-11-30T19:30:00+05:30,2025-11-30 19:30:00,21.6,22.2,19.7,1.1,1.8,21.9,184,0,0,0,0,788.4,1404.9,953.6,89,0,0,25.1,76,1,953.6,25.7,20.6,1,187,0
2025-11-30T19:25:00+05:30,2025-11-30 19:25:00,21.7,22.3,19.8,0,0,21.9,185,0,0,0,0,788.4,1404.9,953.5,89,0,0,25.2,75,1,953.5,25.8,20.4,1,180,1.1
2025-11-30T19:20:00+05:30,2025-11-30 19:20:00,21.8,22.3,19.7,1.8,1.8,21.9,181,0,0,0,0,788.4,1404.9,953.5,88,0,0,25.2,75,1,953.5,25.8,20.4,1,181,1.1
2025-11-30T19:15:00+05:30,2025-11-30 19:15:00,21.8,22.3,19.5,1.1,1.8,21.9,185,0,0,0,0,788.4,1404.9,953.4,87,0,0,25.2,75,1,953.4,25.8,20.4,1,183,0
2025-11-30T19:10:00+05:30,2025-11-30 19:10:00,22,22.5,19.7,0,0,21.9,185,0,0,0,0,788.4,1404.9,953.3,87,0,0,25.2,75,1,953.3,25.8,20.4,1,184,0
2025-11-30T19:05:00+05:30,2025-11-30 19:05:00,22.2,22.7,19.8,0,0,21.9,187,0,0,0,0,788.4,1404.9,953.2,86,0,0,25.3,75,1,953.2,25.8,20.5,1,184,0
2025-11-30T19:00:00+05:30,2025-11-30 19:00:00,22.3,22.8,19.4,0,0,21.9,185,0,0,0,0,788.4,1404.9,953.1,84,0,0,25.3,75,1,953.1,25.8,20.5,1,179,0
2025-11-30T18:55:00+05:30,2025-11-30 18:55:00,22.4,22.9,19.5,0,0,21.9,185,0,0,0,0,788.4,1404.9,953,84,0,0,25.4,75,1,953,25.9,20.6,1,179,0
2025-11-30T18:50:00+05:30,2025-11-30 18:50:00,22.2,22.7,19.6,0,0,21.9,183,0,0,0,0,788.4,1404.9,953,85,0,0,25.4,75,1,953,25.9,20.6,1,179,1.8
2025-11-30T18:45:00+05:30,2025-11-30 18:45:00,22.4,22.9,19.7,2.1,3.5,21.9,185,0,0,0,0,788.4,1404.9,952.8,85,0,0,25.4,75,1,952.8,25.9,20.6,1,185,1.4
2025-11-30T18:40:00+05:30,2025-11-30 18:40:00,22.5,23,19.7,0.3,1.8,21.9,183,0,0,0,0,788.4,1404.9,952.5,84,0,0,25.5,75,1,952.5,26.1,20.7,1,183,0
2025-11-30T18:35:00+05:30,2025-11-30 18:35:00,22.8,23.3,19.7,0,0,21.9,183,0,0,0,0,788.4,1404.9,952.6,83,0,0,25.5,75,1,952.6,26.1,20.7,1,178,0.6
2025-11-30T18:30:00+05:30,2025-11-30 18:30:00,23.1,23.6,19.7,0,0,21.9,180,0,0,0,0,788.4,1404.9,952.4,81,0,0,25.5,75,1,952.4,26.1,20.7,1,177,1.4
2025-11-30T18:25:00+05:30,2025-11-30 18:25:00,23.4,23.9,19.7,1.8,1.8,21.9,173,0,0,0,0,788.4,1404.9,952.6,80,0,0,25.6,75,1,952.6,26.2,20.8,1,175,1.1
2025-11-30T18:20:00+05:30,2025-11-30 18:20:00,23.5,24,19.6,2.9,3.5,21.9,166,0,0,0,0,788.4,1404.9,952.1,79,0,0,25.6,75,1,952.1,26.2,20.8,1,175,1.1
2025-11-30T18:15:00+05:30,2025-11-30 18:15:00,23.9,24.4,19.8,0.6,1.8,21.9,181,0,0,0,0,788.4,1404.9,952.2,78,0,0,25.6,75,1,952.2,26.2,20.8,1,180,1.1
2025-11-30T18:10:00+05:30,2025-11-30 18:10:00,24.1,24.6,19.8,0.3,1.8,21.9,178,0,0,0,0,788.4,1404.9,952,77,0,0,25.6,74,1,952,26.2,20.6,1,180,2.1
2025-11-30T18:05:00+05:30,2025-11-30 18:05:00,24.4,24.8,19.4,2.6,3.5,21.9,188,0,0,0,0,788.4,1404.9,952,74,0,0,25.6,74,1,952,26.2,20.6,1,191,2.6
2025-11-30T18:00:00+05:30,2025-11-30 18:00:00,24.5,24.9,19.6,2.6,3.5,21.9,211,0,0,0,0,788.4,1404.9,952,74,0,0,25.6,74,1,952,26.2,20.6,1,193,3.5
2025-11-30T17:55:00+05:30,2025-11-30 17:55:00,24.7,25.2,19.5,2.6,3.5,21.9,188,0,0,0,0,788.4,1404.9,952,73,0,0,25.6,73,1,952,26.1,20.4,1,208,4
2025-11-30T17:50:00+05:30,2025-11-30 17:50:00,24.9,25.3,19.5,3.5,3.5,21.9,206,0,0,0,0,788.4,1404.9,952,72,0,0,25.7,73,1,952,26.3,20.5,1,206,3.5
2025-11-30T17:45:00+05:30,2025-11-30 17:45:00,25.1,25.5,19.5,2.9,3.5,21.9,219,0,0,0,0,788.4,1404.9,952,71,0,2.1,25.7,74,1,952,26.3,20.7,1,219,3.5
2025-11-30T17:40:00+05:30,2025-11-30 17:40:00,25.2,25.7,19.6,2.1,3.5,21.9,196,0,0,0,0,788.4,1404.9,951.8,71,0,5.1,25.7,73,1,951.8,26.3,20.5,1,211,3.5
2025-11-30T17:35:00+05:30,2025-11-30 17:35:00,25.4,25.8,19.5,6.4,7.2,21.9,294,0,0,0,0,788.4,1404.9,951.7,70,0,8.2,25.7,73,1,951.7,26.3,20.5,1,192,4
2025-11-30T17:30:00+05:30,2025-11-30 17:30:00,25.5,25.9,19.4,4,5.5,21.9,216,0,0,0,0,788.4,1404.9,951.8,69,0,11.6,25.8,74,1,951.8,26.3,20.8,1,192,3.2
2025-11-30T17:25:00+05:30,2025-11-30 17:25:00,25.8,26.2,19.4,3.5,3.5,21.9,174,0,0,0,0,788.4,1404.9,951.5,68,0,16.4,25.8,74,1,951.5,26.3,20.8,1,261,3.5
2025-11-30T17:20:00+05:30,2025-11-30 17:20:00,26,26.4,19.1,4.3,5.5,21.9,243,0,0,0,0,788.4,1404.9,951.6,66,0,22.5,25.7,74,1,951.6,26.3,20.7,1,210,3.5
2025-11-30T17:15:00+05:30,2025-11-30 17:15:00,26.4,26.8,19,5,5.5,21.9,281,0,0,0,0,788.4,1404.9,951.3,64,0,29,25.8,74,1,951.3,26.3,20.8,1,211,3.5
2025-11-30T17:10:00+05:30,2025-11-30 17:10:00,26.5,26.9,18.9,7.2,9.3,21.9,220,0,0,0,0,788.4,1404.9,951.4,63,0,36.8,25.7,74,1,951.4,26.3,20.7,1,220,5
2025-11-30T17:05:00+05:30,2025-11-30 17:05:00,26.6,27,19,3.5,3.5,21.9,225,0,0,0,0,788.4,1404.9,951.2,63,0,40.2,25.7,73,1,951.2,26.3,20.5,1,208,5.8
2025-11-30T17:00:00+05:30,2025-11-30 17:00:00,26.6,26.9,18.7,5.5,7.2,21.9,250,0,0,0,0,788.4,1404.9,951.2,62,0,42.9,25.6,73,1,951.2,26.1,20.4,1,211,6.1
2025-11-30T16:55:00+05:30,2025-11-30 16:55:00,26.7,27.8,18.6,7.9,11.1,21.9,288,0,0,0,0,788.4,1404.9,951.3,61,0,50.6,25.6,71,1,951.3,26.1,19.9,1,283,7.6
2025-11-30T16:50:00+05:30,2025-11-30 16:50:00,26.8,27.9,18.6,2.1,3.5,14.8,173,0,0,0,0,788.4,1404.9,951.1,61,0,65.9,25.6,73,1,951.1,26.1,20.4,1,173,6.1
2025-11-30T16:45:00+05:30,2025-11-30 16:45:00,26.9,27.9,18.5,9.3,11.1,14.8,283,0,0,0,0,788.4,1404.9,951,60,0,57.3,25.6,71,1,951,26.1,19.9,1,289,8.2
2025-11-30T16:40:00+05:30,2025-11-30 16:40:00,27,28,18.3,9.3,9.3,14.8,298,0,0,0,0,788.4,1404.9,950.8,59,0,75,25.6,70,1,950.8,26.1,19.7,1,276,9.3
2025-11-30T16:35:00+05:30,2025-11-30 16:35:00,27.1,28.1,18.1,10.1,13,14.8,275,0,0,0,0,788.4,1404.9,950.8,58,0,88.5,25.7,72,1,950.8,26.2,20.3,1,245,6.4
2025-11-30T16:30:00+05:30,2025-11-30 16:30:00,27.3,28.2,18,4.7,7.2,9.3,301,0,0,0,0,788.4,1404.9,950.6,57,0,78.9,25.8,73,1,950.6,26.3,20.6,1,240,6.4
2025-11-30T16:26:00+05:30,2025-11-30 16:26:00,,,,,,,,0,0,0,0,788.4,1404.9,950.8,,,,25.9,72,1,950.8,26.4,20.4,,,
2025-11-30T16:10:00+05:30,2025-11-30 16:10:00,28.1,29.1,18.2,9.3,13,20.1,213,0,0.7,0,0,788.4,1404.9,950.4,55,1,172.6,26.1,72,1,950.4,26.7,20.7,1,188,6.9
2025-11-30T16:05:00+05:30,2025-11-30 16:05:00,28.2,29.3,18.6,6.4,9.3,20.1,188,0,0.7,0,0,788.4,1404.9,950.5,56,1,199.9,26.1,74,1,950.5,26.7,21.1,1,149,10.1
2025-11-30T16:00:00+05:30,2025-11-30 16:00:00,28.2,29.3,18.6,10.1,16.6,20.1,149,0,0.7,0,0,788.4,1404.9,950.2,56,2,232.1,26.1,74,1,950.2,26.7,21.1,1,149,10.1
2025-11-30T15:55:00+05:30,2025-11-30 15:55:00,28.2,29.3,18.6,10.1,16.6,20.1,149,0,0.7,0,0,788.4,1404.9,950.4,56,2,232.1,26.1,73,1,950.4,26.7,20.9,1,149,5.5
2025-11-30T15:50:00+05:30,2025-11-30 15:50:00,28.1,29.4,19.1,3.5,3.5,20.1,187,0,0.7,0,0,788.4,1404.9,950.4,58,2,243.3,26.1,74,1,950.4,26.7,21.1,1,187,5.5
2025-11-30T15:48:00+05:30,2025-11-30 15:48:00,28.5,29.6,18.6,5.5,5.5,20.1,160,0,0.7,0,0,788.4,1404.9,950.2,55,1,163.4,26.1,73,1,950.2,26.7,20.9,1,194,5.5
2025-11-30T15:30:00+05:30,2025-11-30 15:30:00,28.2,29.1,18,2.9,5.5,20.1,164,0,0.7,0,0,788.4,1404.9,950.2,54,2,203.4,26.1,73,1,950.2,26.7,20.9,1,253,7.2
2025-11-30T15:25:00+05:30,2025-11-30 15:25:00,28.9,29.9,18.3,11.9,14.8,20.1,314,0,0.7,0,0,788.4,1404.9,950.7,53,3,358.3,26.1,73,1,950.7,26.7,20.9,1,263,3.2
2025-11-30T15:20:00+05:30,2025-11-30 15:20:00,29,30.3,19,2.6,3.5,20.1,263,0,0.7,0,0,788.4,1404.9,950.2,55,3,385.1,26,74,1,950.2,26.6,21,1,199,3.2
2025-11-30T15:15:00+05:30,2025-11-30 15:15:00,28.7,29.8,18.5,4.7,5.5,20.1,283,0,0.7,0,0,788.4,1404.9,950.2,54,3,376.6,26,74,1,950.2,26.6,21,1,225,7.6
2025-11-30T15:10:00+05:30,2025-11-30 15:10:00,28.2,29.2,18.3,5.5,7.2,20.1,263,0,0.7,0,0,788.4,1404.9,950.4,55,3,404.2,25.9,72,1,950.4,26.4,20.4,1,274,7.6
2025-11-30T15:05:00+05:30,2025-11-30 15:05:00,27.8,28.7,18.2,7.6,11.1,20.1,29,0,0.7,0,0,788.4,1404.9,950,56,1,128.3,25.9,72,1,950,26.4,20.4,1,274,10.1
2025-11-30T15:00:00+05:30,2025-11-30 15:00:00,28.1,29.1,18.2,10.1,13,20.1,274,0,0.7,0,0,788.4,1404.9,950.4,55,4,415.1,25.9,72,1,950.4,26.4,20.4,1,283,7.2
2025-11-30T14:55:00+05:30,2025-11-30 14:55:00,28.4,29.3,18.2,4.7,7.2,20.1,262,0,0.7,0,0,788.4,1404.9,950.2,54,4,452,26,73,1,950.2,26.6,20.8,1,279,8.2
2025-11-30T14:50:00+05:30,2025-11-30 14:50:00,28.5,29.6,18.6,8.2,14.8,20.1,325,0,0.7,0,0,788.4,1404.9,950.1,55,4,465.9,25.9,73,1,950.1,26.4,20.7,1,283,6.4
2025-11-30T14:45:00+05:30,2025-11-30 14:45:00,28.6,29.5,18.1,4.7,5.5,20.1,214,0,0.7,0,0,788.4,1404.9,950.3,53,4,452.9,25.9,75,1,950.3,26.5,21.1,1,283,6.4
2025-11-30T14:40:00+05:30,2025-11-30 14:40:00,29,30.2,18.7,6.4,9.3,20.1,283,0,0.7,0,0,788.4,1404.9,950.3,54,4,470.1,25.8,74,1,950.3,26.3,20.8,1,283,6.4
2025-11-30T14:35:00+05:30,2025-11-30 14:35:00,29,30.3,19,6.4,7.2,20.1,191,0,0.7,0,0,788.4,1404.9,950.3,55,4,463.3,25.8,74,1,950.3,26.3,20.8,1,191,6.9
2025-11-30T14:30:00+05:30,2025-11-30 14:30:00,28.2,29.1,18,6.1,7.2,20.1,197,0,0.7,0,0,788.4,1404.9,950.2,54,5,514.4,25.7,73,1,950.2,26.3,20.5,1,281,8.7
2025-11-30T14:25:00+05:30,2025-11-30 14:25:00,28,28.9,18.1,11.6,14.8,20.1,301,0,0.7,0,0,788.4,1404.9,950.3,55,4,511,25.7,70,1,950.3,26.2,19.8,1,218,9
2025-11-30T14:20:00+05:30,2025-11-30 14:20:00,28.4,29.6,18.8,8.7,11.1,20.1,218,0,0.7,0,0,788.4,1404.9,950.1,56,5,546.6,25.6,74,1,950.1,26.2,20.6,1,243,8.7
2025-11-30T14:15:00+05:30,2025-11-30 14:15:00,28.3,29.4,18.6,5.8,7.2,20.1,243,0,0.7,0,0,788.4,1404.9,950.3,56,5,568.3,25.6,74,1,950.3,26.2,20.6,1,243,6.1
2025-11-30T14:10:00+05:30,2025-11-30 14:10:00,28.3,29.5,18.9,9.3,13,20.1,266,0,0.7,0,0,788.4,1404.9,950.5,57,5,558.2,25.5,71,1,950.5,25.9,19.8,1,323,11.1
2025-11-30T14:05:00+05:30,2025-11-30 14:05:00,28.3,29.4,18.6,5,7.2,20.1,205,0,0.7,0,0,788.4,1404.9,950.4,56,5,582.6,25.4,73,1,950.4,25.9,20.2,1,331,10.8
2025-11-30T14:00:00+05:30,2025-11-30 14:00:00,27.6,28.6,18.3,10.8,13,20.1,295,0,0.7,0,0,788.4,1404.9,950.5,57,5,595.5,25.4,67,1,950.5,25.7,18.8,1,295,7.9
2025-11-30T13:55:00+05:30,2025-11-30 13:55:00,27.7,28.9,18.7,7.9,9.3,20.1,263,0,0.7,0,0,788.4,1404.9,950.6,58,6,617.7,25.4,71,1,950.6,25.8,19.7,1,280,7.9
2025-11-30T13:50:00+05:30,2025-11-30 13:50:00,27.8,28.6,17.9,6.1,7.2,20.1,296,0,0.7,0,0,788.4,1404.9,950.7,55,6,628.6,25.3,73,1,950.7,25.8,20.1,1,288,9
2025-11-30T13:45:00+05:30,2025-11-30 13:45:00,27.9,28.7,17.7,9,11.1,20.1,280,0,0.7,0,0,788.4,1404.9,950.7,54,6,634.5,25.4,71,1,950.7,25.8,19.7,1,288,9
2025-11-30T13:40:00+05:30,2025-11-30 13:40:00,28.3,29,17.5,8.2,11.1,20.1,203,0,0.7,0,0,788.4,1404.9,950.6,52,6,665.4,25.4,73,1,950.6,25.9,20.2,1,203,8.2
2025-11-30T13:35:00+05:30,2025-11-30 13:35:00,27.4,28.3,18.1,9,11.1,20.1,254,0,0.7,0,0,788.4,1404.9,950.9,57,6,663.7,25.4,74,1,950.9,25.9,20.4,1,307,7.6
2025-11-30T13:30:00+05:30,2025-11-30 13:30:00,28.6,29.5,18.1,7.6,11.1,20.1,307,0,0.7,0,0,788.4,1404.9,951,53,6,636.4,25.4,71,1,951,25.8,19.7,1,282,12.6
2025-11-30T13:26:00+05:30,2025-11-30 13:26:00,28.5,29.4,18,6.1,11.1,20.1,268,0,0.7,0,0,788.4,1404.9,950.9,53,6,634.2,25.4,75,1,950.9,25.9,20.6,1,282,12.6
2025-11-30T13:20:00+05:30,2025-11-30 13:20:00,29.1,30.2,18.5,12.6,14.8,20.1,282,0,0.7,0,0,788.4,1404.9,950.8,53,5,611.2,25.4,75,1,950.8,25.9,20.6,1,191,5.5
2025-11-30T13:15:00+05:30,2025-11-30 13:15:00,28.7,29.5,17.9,5.5,7.2,20.1,191,0,0.7,0,0,788.4,1404.9,950.9,52,5,566.9,25.3,76,1,950.9,25.8,20.7,1,191,5.5
2025-11-30T13:10:00+05:30,2025-11-30 13:10:00,27.9,28.6,17.4,3.2,3.5,20.1,211,0,0.7,0,0,788.4,1404.9,951.1,53,5,588.2,25.3,75,1,951.1,25.8,20.5,1,251,6.4
2025-11-30T13:05:00+05:30,2025-11-30 13:05:00,28.6,29.2,17.2,6.4,11.1,20.1,251,0,0.7,0,0,788.4,1404.9,951,50,5,593.5,25.3,75,1,951,25.8,20.5,1,200,1.8
2025-11-30T13:00:00+05:30,2025-11-30 13:00:00,28.7,29.3,17.3,1.4,1.8,20.1,200,0,0.7,0,0,788.4,1404.9,951.1,50,6,634.5,25.2,76,1,951.1,25.8,20.7,1,200,1.8
2025-11-30T12:55:00+05:30,2025-11-30 12:55:00,28.7,29.3,17.3,1.8,1.8,20.1,194,0,0.7,0,0,788.4,1404.9,951.1,50,6,637.6,25.2,76,1,951.1,25.8,20.7,1,226,4
2025-11-30T12:50:00+05:30,2025-11-30 12:50:00,29,29.7,17.5,4,9.3,20.1,226,0,0.7,0,0,788.4,1404.9,951.2,50,6,693.6,25.1,76,1,951.2,25.7,20.6,1,189,4
2025-11-30T12:45:00+05:30,2025-11-30 12:45:00,28.6,29,16.5,2.1,3.5,20.1,189,0,0.7,0,0,788.4,1404.9,951.4,48,6,704,25.1,76,1,951.4,25.7,20.6,1,225,8.7
2025-11-30T12:40:00+05:30,2025-11-30 12:40:00,28.1,28.6,16.7,8.7,9.3,20.1,225,0,0.7,0,0,788.4,1404.9,951.4,50,6,717.5,25,76,1,951.4,25.6,20.4,1,225,8.7
2025-11-30T12:35:00+05:30,2025-11-30 12:35:00,28.1,28.6,16.7,9.7,13,20.1,222,0,0.7,0,0,788.4,1404.9,951.5,50,6,711.4,25,76,1,951.5,25.6,20.4,1,321,5.8
2025-11-30T12:30:00+05:30,2025-11-30 12:30:00,28.4,29,17.3,5.8,7.2,20.1,321,0,0.7,0,0,788.4,1404.9,951.6,51,6,678,24.9,76,1,951.6,25.4,20.3,1,202,5
2025-11-30T12:25:00+05:30,2025-11-30 12:25:00,27.4,28,16.9,4,5.5,20.1,202,0,0.7,0,0,788.4,1404.9,951.8,53,6,653.6,24.8,76,1,951.8,25.3,20.3,1,202,4
2025-11-30T12:20:00+05:30,2025-11-30 12:20:00,27.4,27.9,16.6,5,5.5,20.1,258,0,0.7,0,0,788.4,1404.9,951.9,52,6,642.4,24.8,74,1,951.9,25.2,19.8,1,190,3.2
2025-11-30T12:15:00+05:30,2025-11-30 12:15:00,28.3,28.9,17.2,3.2,5.5,20.1,190,0,0.7,0,0,788.4,1404.9,951.9,51,6,675.4,24.8,75,1,951.9,25.3,20.1,1,222,5.5
2025-11-30T12:10:00+05:30,2025-11-30 12:10:00,27.9,28.6,17.4,5.5,5.5,20.1,222,0,0.7,0,0,788.4,1404.9,951.8,53,6,685,24.7,77,1,951.8,25.3,20.4,1,222,6.4
2025-11-30T12:05:00+05:30,2025-11-30 12:05:00,27.9,28.6,17.4,6.4,11.1,20.1,283,0,0.7,0,0,788.4,1404.9,951.8,53,6,688.4,24.7,76,1,951.8,25.2,20.2,1,297,14.3
2025-11-30T12:00:00+05:30,2025-11-30 12:00:00,27.6,28.3,17.2,14.3,18.3,20.1,297,0,0.7,0,0,788.4,1404.9,952.1,53,6,691.9,24.7,74,1,952.1,25.2,19.8,1,275,9.3
2025-11-30T11:55:00+05:30,2025-11-30 11:55:00,27.3,28,17.4,9.3,11.1,20.1,275,0,0.7,0,0,788.4,1404.9,952.5,55,6,635,24.6,78,1,952.5,25.2,20.5,1,275,9.3
2025-11-30T11:50:00+05:30,2025-11-30 11:50:00,27.3,28,17.4,9.3,11.1,20.1,275,0,0.7,0,0,788.4,1404.9,952.4,55,6,635,24.6,75,1,952.4,25.1,19.9,1,275,9.3
2025-11-30T11:45:00+05:30,2025-11-30 11:45:00,27,27.7,17.2,6.1,7.2,20.1,214,0,0.7,0,0,788.4,1404.9,952.3,55,6,634.5,24.5,77,1,952.3,25,20.2,1,283,11.1
2025-11-30T11:40:00+05:30,2025-11-30 11:40:00,26.8,27.6,17.3,11.1,14.8,20.1,283,0,0.7,0,0,788.4,1404.9,952.5,56,5,580.4,24.4,77,1,952.5,24.9,20.1,1,194,4.7
2025-11-30T11:35:00+05:30,2025-11-30 11:35:00,26.4,26.7,18,4.7,7.2,20.1,198,0,0.7,0,0,788.4,1404.9,952.6,60,5,589,24.4,77,1,952.6,24.9,20.1,1,198,4.7
2025-11-30T11:30:00+05:30,2025-11-30 11:30:00,26.4,26.7,18,4.7,7.2,20.1,198,0,0.7,0,0,788.4,1404.9,952.7,60,5,589,24.3,77,1,952.7,24.8,20,1,198,4.7
2025-11-30T11:25:00+05:30,2025-11-30 11:25:00,26.4,26.7,18,4.7,7.2,20.1,198,0,0.7,0,0,788.4,1404.9,952.8,60,5,589,24.3,74,1,952.8,24.7,19.3,1,198,9
2025-11-30T11:20:00+05:30,2025-11-30 11:20:00,26.4,26.7,18.5,13,14.8,20.1,336,0,0.7,0,0,788.4,1404.9,952.9,62,5,602.5,24.3,76,1,952.9,24.7,19.8,1,45,9
2025-11-30T11:15:00+05:30,2025-11-30 11:15:00,26.7,27.7,18,9,16.6,20.1,45,0,0.7,0,0,788.4,1404.9,952.9,59,6,649.9,24.3,78,1,952.9,24.8,20.2,1,262,13
2025-11-30T11:10:00+05:30,2025-11-30 11:10:00,26.7,27.9,19.1,13,14.8,20.1,262,0,0.7,0,0,788.4,1404.9,952.8,63,5,598.6,24.2,80,1,952.8,24.8,20.6,1,254,13
2025-11-30T11:05:00+05:30,2025-11-30 11:05:00,26.7,27.9,19.1,13,14.8,20.1,262,0,0.7,0,0,788.4,1404.9,953.2,63,5,598.6,24.2,78,1,953.2,24.7,20.1,1,254,3.5
2025-11-30T11:00:00+05:30,2025-11-30 11:00:00,26.1,26.4,18.8,3.5,3.5,20.1,254,0,0.7,0,0,788.4,1404.9,953.1,64,6,616,24.1,79,1,953.1,24.7,20.2,1,254,3.5
2025-11-30T10:55:00+05:30,2025-11-30 10:55:00,26.1,26.4,18.8,3.5,3.5,20.1,254,0,0.7,0,0,788.4,1404.9,953.1,64,6,616,24,79,1,953.1,24.5,20.1,1,297,13.7
2025-11-30T10:50:00+05:30,2025-11-30 10:50:00,26,26.4,18.9,13.7,16.6,20.1,297,0,0.7,0,0,788.4,1404.9,953.2,65,6,622.5,24,78,1,953.2,24.5,19.9,1,297,14.3
2025-11-30T10:45:00+05:30,2025-11-30 10:45:00,25.9,26.2,18.8,16.3,20.1,20.1,312,0,0.7,0,0,788.4,1404.9,953.3,65,6,632.5,23.9,75,1,953.3,24.3,19.2,1,320,15.4
2025-11-30T10:40:00+05:30,2025-11-30 10:40:00,25.9,26.3,19,14.3,18.3,20.1,324,0,0.7,0,0,788.4,1404.9,953.5,66,6,634.5,23.9,78,1,953.5,24.4,19.8,1,320,13
2025-11-30T10:35:00+05:30,2025-11-30 10:35:00,26,26.4,19.6,13,16.6,20.1,299,0,0.7,0,0,788.4,1404.9,953.3,68,6,632,23.9,77,1,953.3,24.3,19.6,1,224,8.7
2025-11-30T10:30:00+05:30,2025-11-30 10:30:00,26.3,26.7,19.7,8.7,11.1,20.1,311,0,0.7,0,0,788.4,1404.9,953.1,67,6,617.7,24,81,1,953.1,24.6,20.6,1,224,4.3
2025-11-30T10:25:00+05:30,2025-11-30 10:25:00,26.2,26.7,19.8,4.3,5.5,20.1,224,0,0.7,0,0,788.4,1404.9,953.6,68,6,620.7,23.9,82,1,953.6,24.5,20.6,1,224,4.3
2025-11-30T10:20:00+05:30,2025-11-30 10:20:00,26.3,26.8,20.1,4.3,5.5,20.1,214,0,0.7,0,0,788.4,1404.9,953.4,69,5,592.5,23.8,82,1,953.4,24.3,20.5,1,265,7.6
2025-11-30T10:15:00+05:30,2025-11-30 10:15:00,25.5,26,19.8,5,5.5,20.1,283,0,0.7,0,0,788.4,1404.9,953.3,71,6,652.4,23.7,81,1,953.3,24.3,20.3,1,266,14
2025-11-30T10:10:00+05:30,2025-11-30 10:10:00,25.3,25.7,19.4,14,16.6,20.1,266,0,0.7,0,0,788.4,1404.9,953.3,70,5,607.3,23.7,80,1,953.3,24.2,20.1,1,266,11.1
2025-11-30T10:05:00+05:30,2025-11-30 10:05:00,25.5,25.9,19.6,11.1,13,16.6,302,0,0.7,0,0,788.4,1404.9,953.5,70,6,659.4,23.7,82,1,953.5,24.3,20.4,1,141,10.1
2025-11-30T10:00:00+05:30,2025-11-30 10:00:00,25.6,26.1,19.7,10.1,11.1,16.6,141,0,0.7,0,0,788.4,1404.9,953.5,70,6,634.2,23.6,82,1,953.5,24.2,20.3,1,141,10.1
2025-11-30T09:55:00+05:30,2025-11-30 09:55:00,25.7,26.1,19.4,11.9,14.8,16.6,176,0,0.7,0,0,788.4,1404.9,953.5,68,6,631.6,23.6,83,1,953.5,24.2,20.6,1,211,7.9
2025-11-30T09:50:00+05:30,2025-11-30 09:50:00,25.4,25.8,19.5,5.5,9.3,16.6,224,0,0.7,0,0,788.4,1404.9,953.4,70,6,635,23.5,83,1,953.4,24.1,20.4,1,211,6.1
2025-11-30T09:45:00+05:30,2025-11-30 09:45:00,24.9,25.3,19.5,6.1,9.3,16.6,211,0,0.7,0,0,788.4,1404.9,953.3,72,5,613.8,23.4,83,1,953.3,23.9,20.3,1,277,6.1
2025-11-30T09:40:00+05:30,2025-11-30 09:40:00,24.7,25.2,19.5,10.1,13,16.6,277,0,0.7,0,0,788.4,1404.9,953.7,73,5,591.6,23.3,81,1,953.7,23.8,19.8,1,277,8.7
2025-11-30T09:35:00+05:30,2025-11-30 09:35:00,24.5,24.9,19.6,8.7,9.3,16.6,244,0,0.7,0,0,788.4,1404.9,953.5,74,5,576.9,23.3,82,1,953.5,23.8,20,1,304,8.7
2025-11-30T09:30:00+05:30,2025-11-30 09:30:00,24.4,24.8,19.2,9.7,13,16.6,281,0,0.7,0,0,788.4,1404.9,953.6,73,5,571.7,23.3,82,1,953.6,23.8,20,1,289,6.1
2025-11-30T09:25:00+05:30,2025-11-30 09:25:00,24.7,25.2,19.8,4.3,5.5,14.8,265,0,0.7,0,0,788.4,1404.9,953.5,74,5,562.6,23.3,84,1,953.5,23.8,20.4,1,210,4.3
2025-11-30T09:20:00+05:30,2025-11-30 09:20:00,24.9,25.3,19.7,5.5,5.5,14.8,250,0,0.7,0,0,788.4,1404.9,953.8,73,5,555.3,23.2,84,1,953.8,23.8,20.4,1,182,3.5
2025-11-30T09:15:00+05:30,2025-11-30 09:15:00,24.8,25.2,19.6,3.5,5.5,14.8,196,0,0.7,0,0,788.4,1404.9,953.5,73,5,520,23.2,83,1,953.5,23.8,20.2,1,196,3.5
2025-11-30T09:10:00+05:30,2025-11-30 09:10:00,24.4,24.8,19.2,2.1,3.5,14.8,191,0,0.7,0,0,788.4,1404.9,953.5,73,4,503.2,23.1,84,1,953.5,23.7,20.3,1,264,5
2025-11-30T09:05:00+05:30,2025-11-30 09:05:00,24.5,24.9,19.6,1.4,1.8,14.8,198,0,0.7,0,0,788.4,1404.9,953.7,74,4,482.4,23.1,84,1,953.7,23.7,20.3,1,201,4
2025-11-30T09:00:00+05:30,2025-11-30 09:00:00,24.1,24.6,19.6,4,5.5,14.8,236,0,0.7,0,0,788.4,1404.9,953.8,76,4,457.7,23,85,1,953.8,23.6,20.3,1,184,1.8
2025-11-30T08:55:00+05:30,2025-11-30 08:55:00,24,24.6,20.5,1.4,1.8,13,182,0,0.7,0,0,788.4,1404.9,953.9,81,4,438.1,22.9,84,1,953.9,23.4,20.1,1,176,3.2
2025-11-30T08:50:00+05:30,2025-11-30 08:50:00,22.9,23.4,19.6,4.7,5.5,13,11,0,0.7,0,0,788.4,1404.9,953.7,82,4,431.1,22.9,84,1,953.7,23.4,20.1,1,351,4.3
2025-11-30T08:45:00+05:30,2025-11-30 08:45:00,23.2,23.7,20,6.1,7.2,13,0,0,0.7,0,0,788.4,1404.9,953.8,82,3,406.4,22.9,84,1,953.8,23.4,20.1,1,180,1.4
2025-11-30T08:40:00+05:30,2025-11-30 08:40:00,23.3,23.8,20,1.8,1.8,13,138,0,0.7,0,0,788.4,1404.9,953.6,82,3,373.5,22.8,84,1,953.6,23.3,19.9,1,182,1.8
2025-11-30T08:35:00+05:30,2025-11-30 08:35:00,22.5,23,19.7,1.8,1.8,13,163,0,0.7,0,0,788.4,1404.9,953.7,84,3,351.4,22.7,84,1,953.7,23.2,19.9,1,196,1.8
2025-11-30T08:30:00+05:30,2025-11-30 08:30:00,22.4,22.9,19.9,1.8,1.8,13,170,0,0.7,0,0,788.4,1404.9,953.7,86,3,334.5,22.7,84,1,953.7,23.2,19.9,1,178,2.1
2025-11-30T08:25:00+05:30,2025-11-30 08:25:00,22,22.5,19.5,1.8,1.8,13,147,0,0.7,0,0,788.4,1404.9,953.7,86,3,311.8,22.7,84,1,953.7,23.2,19.9,1,139,4.7
2025-11-30T08:20:00+05:30,2025-11-30 08:20:00,21.9,22.4,19.2,5.8,7.2,13,200,0,0.7,0,0,788.4,1404.9,953.8,85,2,298.9,22.6,84,1,953.8,23.1,19.8,1,195,4.3
2025-11-30T08:15:00+05:30,2025-11-30 08:15:00,21.9,22.4,19.4,3.2,5.5,13,279,0,0.7,0,0,788.4,1404.9,953.5,86,2,278.4,22.6,84,1,953.5,23.1,19.8,1,181,4
2025-11-30T08:10:00+05:30,2025-11-30 08:10:00,21.6,22,19,4.7,5.5,13,290,0,0.7,0,0,788.4,1404.9,953.5,85,2,259.8,22.6,84,1,953.5,23.1,19.8,1,257,4
2025-11-30T08:05:00+05:30,2025-11-30 08:05:00,21.5,21.9,18.9,4.3,5.5,13,185,0,0.7,0,0,788.4,1404.9,953.3,85,2,240.8,22.5,84,1,953.3,23,19.7,1,319,4.3
2025-11-30T08:00:00+05:30,2025-11-30 08:00:00,21.4,21.8,18.9,5.5,5.5,13,331,0,0.7,0,0,788.4,1404.9,953.5,86,2,222,22.5,84,1,953.5,23,19.7,1,194,1.8
2025-11-30T07:55:00+05:30,2025-11-30 07:55:00,21.4,21.9,19.3,1.8,1.8,13,194,0,0.7,0,0,788.4,1404.9,953.4,88,2,203.8,22.5,85,1,953.4,23,19.8,1,194,2.9
2025-11-30T07:50:00+05:30,2025-11-30 07:50:00,21.1,21.5,18.9,2.6,3.5,13,155,0,0.7,0,0,788.4,1404.9,953.4,87,1,127.1,22.5,84,1,953.4,23,19.7,1,341,4.3
2025-11-30T07:45:00+05:30,2025-11-30 07:45:00,20.7,21.2,18.8,5,5.5,13,346,0,0.7,0,0,788.4,1404.9,953.2,89,1,104.1,22.5,85,1,953.2,23,19.8,1,185,2.6
2025-11-30T07:40:00+05:30,2025-11-30 07:40:00,20.6,21.1,19.3,2.6,3.5,13,226,0,0.7,0,0,788.4,1404.9,953.3,92,0,86.7,22.5,85,1,953.3,23,19.8,1,193,2.6
2025-11-30T07:35:00+05:30,2025-11-30 07:35:00,20.5,21,19.3,3.5,3.5,13,124,0,0.7,0,0,788.4,1404.9,953.1,93,0,75,22.5,85,1,953.1,23,19.8,1,183,3.5
2025-11-30T07:30:00+05:30,2025-11-30 07:30:00,20.3,20.8,18.9,4.3,7.2,13,104,0,0.7,0,0,788.4,1404.9,953,92,0,59,22.5,85,1,953,23,19.8,1,175,3.5
2025-11-30T07:25:00+05:30,2025-11-30 07:25:00,20.2,20.7,19.1,0.3,1.8,13,184,0,0.7,0,0,788.4,1404.9,953,93,0,60.7,22.5,85,1,953,23,19.8,1,185,2.6
2025-11-30T07:20:00+05:30,2025-11-30 07:20:00,20.6,21.1,19.3,2.6,3.5,13,128,0,0.7,0,0,788.4,1404.9,952.7,92,0,55,22.4,85,1,952.7,22.9,19.7,1,179,0.3
2025-11-30T07:15:00+05:30,2025-11-30 07:15:00,20.6,21.1,19.3,0,0,13,181,0,0.7,0,0,788.4,1404.9,952.8,92,0,54.2,22.4,85,1,952.8,22.9,19.7,1,181,0
2025-11-30T07:10:00+05:30,2025-11-30 07:10:00,20.2,20.8,19.6,0,0,13,183,0,0.7,0,0,788.4,1404.9,952.8,96,0,48.1,22.4,85,1,952.8,22.9,19.7,1,184,0
2025-11-30T07:05:00+05:30,2025-11-30 07:05:00,19.5,19.5,19,0,0,13,181,0,0.7,0,0,788.4,1404.9,952.6,97,0,44.6,22.3,85,1,952.6,22.8,19.6,1,181,1.1
2025-11-30T07:00:00+05:30,2025-11-30 07:00:00,19.4,19.4,18.9,1.8,1.8,13,151,0,0.7,0,0,788.4,1404.9,952.4,97,0,41.1,22.3,85,1,952.4,22.8,19.6,1,180,1.8
2025-11-30T06:55:00+05:30,2025-11-30 06:55:00,19.2,19.2,18.7,0.3,1.8,13,170,0,0.7,0,0,788.4,1404.9,952.4,97,0,37.7,22.3,85,1,952.4,22.8,19.6,1,181,2.6
2025-11-30T06:50:00+05:30,2025-11-30 06:50:00,19.1,19.1,18.6,2.1,3.5,13,135,0,0.7,0,0,788.4,1404.9,952.2,97,0,33.8,22.3,85,1,952.2,22.8,19.6,1,110,2.6
2025-11-30T06:45:00+05:30,2025-11-30 06:45:00,19.1,19.1,18.6,0.3,1.8,13,181,0,0.7,0,0,788.4,1404.9,952.5,97,0,29.5,22.3,85,1,952.5,22.8,19.6,1,158,1.8
2025-11-30T06:40:00+05:30,2025-11-30 06:40:00,19.1,19.1,18.6,3.2,5.5,13,57,0,0.7,0,0,788.4,1404.9,952.3,97,0,27.3,22.2,85,1,952.3,22.7,19.6,1,151,1.8
2025-11-30T06:35:00+05:30,2025-11-30 06:35:00,19,19,18.5,3.5,3.5,13,128,0,0.7,0,0,788.4,1404.9,952.3,97,0,24.2,22.2,85,1,952.3,22.7,19.6,1,186,2.1
2025-11-30T06:30:00+05:30,2025-11-30 06:30:00,19.1,19.1,18.6,2.1,3.5,13,169,0,0.7,0,0,788.4,1404.9,952,97,0,19.1,22.2,85,1,952,22.7,19.6,1,184,3.2
2025-11-30T06:25:00+05:30,2025-11-30 06:25:00,19.1,19.1,18.6,2.9,3.5,13,189,0,0.7,0,0,788.4,1404.9,952.1,97,0,16.4,22.2,85,1,952.1,22.7,19.6,1,212,4
2025-11-30T06:20:00+05:30,2025-11-30 06:20:00,19.1,19.1,18.8,2.1,3.5,13,91,0,0.7,0,0,788.4,1404.9,951.7,98,0,12.1,22.2,85,1,951.7,22.7,19.6,1,212,3.5
2025-11-30T06:15:00+05:30,2025-11-30 06:15:00,19.1,19.1,18.6,4.7,5.5,13,312,0,0.7,0,0,788.4,1404.9,951.8,97,0,8.6,22.1,85,1,951.8,22.6,19.4,1,249,4.7
2025-11-30T06:10:00+05:30,2025-11-30 06:10:00,19.1,19.1,18.8,3.5,3.5,13,295,0,0.7,0,0,788.4,1404.9,951.7,98,0,5.1,22.1,85,1,951.7,22.6,19.4,1,304,6.4
2025-11-30T06:05:00+05:30,2025-11-30 06:05:00,19.1,19.1,18.8,5,5.5,13,314,0,0.7,0,0,788.4,1404.9,951.5,98,0,1.7,22.2,84,1,951.5,22.7,19.4,1,240,5.8
2025-11-30T06:00:00+05:30,2025-11-30 06:00:00,19.1,19.1,18.8,5,7.2,13,176,0,0.7,0,0,788.4,1404.9,951.6,98,0,0.4,22.2,84,1,951.6,22.7,19.4,1,321,6.1
2025-11-30T05:55:00+05:30,2025-11-30 05:55:00,19,19,18.8,5,7.2,13,330,0,0.7,0,0,788.4,1404.9,951.5,99,0,0,22.2,84,1,951.5,22.7,19.4,1,330,6.9
2025-11-30T05:50:00+05:30,2025-11-30 05:50:00,19,19,18.8,4.7,5.5,13,265,0,0.7,0,0,788.4,1404.9,951.3,99,0,0,22.3,84,1,951.3,22.8,19.4,1,265,7.2
2025-11-30T05:45:00+05:30,2025-11-30 05:45:00,19,19,18.8,6.4,7.2,13,324,0,0.7,0,0,788.4,1404.9,951.2,99,0,0,22.4,84,1,951.2,22.9,19.6,1,324,7.6
2025-11-30T05:40:00+05:30,2025-11-30 05:40:00,19,19,18.8,8.7,9.3,13,28,0,0.7,0,0,788.4,1404.9,951.1,99,0,0,22.4,84,1,951.1,22.9,19.6,1,347,7.6
2025-11-30T05:35:00+05:30,2025-11-30 05:35:00,19,19,18.8,7.9,9.3,13,356,0,0.7,0,0,788.4,1404.9,951.1,99,0,0,22.5,84,1,951.1,23,19.7,1,327,6.4
2025-11-30T05:30:00+05:30,2025-11-30 05:30:00,19,19,18.8,5.5,5.5,13,306,0,0.7,0,0,788.4,1404.9,951.3,99,0,0,22.5,84,1,951.3,23,19.7,1,246,5.5
2025-11-30T05:25:00+05:30,2025-11-30 05:25:00,19,19,18.8,4.7,7.2,13,281,0,0.7,0,0,788.4,1404.9,951.1,99,0,0,22.6,85,1,951.1,23.2,19.9,1,208,4
2025-11-30T05:20:00+05:30,2025-11-30 05:20:00,19.1,19.1,18.9,3.5,3.5,13,211,0,0.7,0,0,788.4,1404.9,951.2,99,0,0,22.6,85,1,951.2,23.2,19.9,1,211,4
2025-11-30T05:15:00+05:30,2025-11-30 05:15:00,19.1,19.1,18.9,4.7,5.5,13,181,0,0.7,0,0,788.4,1404.9,951.4,99,0,0,22.7,85,1,951.4,23.3,20.1,1,117,2.9
2025-11-30T05:10:00+05:30,2025-11-30 05:10:00,19.1,19.1,18.9,2.1,3.5,13,158,0,0.7,0,0,788.4,1404.9,951.3,99,0,0,22.7,85,1,951.3,23.3,20.1,1,192,1.8
2025-11-30T05:05:00+05:30,2025-11-30 05:05:00,19.1,19.1,18.9,0,0,13,188,0,0.7,0,0,788.4,1404.9,951.1,99,0,0,22.7,85,1,951.1,23.3,20.1,1,191,1.4
2025-11-30T05:00:00+05:30,2025-11-30 05:00:00,19.2,19.2,19.1,0.3,1.8,13,186,0,0.7,0,0,788.4,1404.9,950.9,99,0,0,22.7,85,1,950.9,23.3,20.1,1,189,2.1
2025-11-30T04:55:00+05:30,2025-11-30 04:55:00,19.1,19.1,18.8,1.1,1.8,13,190,0,0.7,0,0,788.4,1404.9,950.8,98,0,0,22.7,85,1,950.8,23.3,20.1,1,195,1.8
2025-11-30T04:50:00+05:30,2025-11-30 04:50:00,19.1,19.1,18.8,2.1,3.5,13,202,0,0.7,0,0,788.4,1404.9,951.1,98,0,0,22.7,85,1,951.1,23.3,20.1,1,192,0.6
2025-11-30T04:45:00+05:30,2025-11-30 04:45:00,19.1,19.1,18.8,0.3,1.8,13,192,0,0.7,0,0,788.4,1404.9,951,98,0,0,22.7,85,1,951,23.3,20.1,1,184,0.6
2025-11-30T04:40:00+05:30,2025-11-30 04:40:00,19.1,19.1,18.8,0.6,1.8,13,188,0,0.7,0,0,788.4,1404.9,951.1,98,0,0,22.7,85,1,951.1,23.3,20.1,1,197,1.8
2025-11-30T04:35:00+05:30,2025-11-30 04:35:00,19.2,19.2,18.9,2.9,3.5,13,197,0,0.7,0,0,788.4,1404.9,950.8,98,0,0,22.7,85,1,950.8,23.3,20.1,1,201,2.1
2025-11-30T04:30:00+05:30,2025-11-30 04:30:00,19.2,19.2,18.9,2.1,3.5,13,195,0,0.7,0,0,788.4,1404.9,950.8,98,0,0,22.7,85,1,950.8,23.3,20.1,1,208,2.9
2025-11-30T04:25:00+05:30,2025-11-30 04:25:00,19.4,19.4,19.1,2.9,3.5,13,224,0,0.7,0,0,788.4,1404.9,950.8,98,0,0,22.7,85,1,950.8,23.3,20.1,1,170,2.6
2025-11-30T04:20:00+05:30,2025-11-30 04:20:00,19.4,19.4,19.1,1.8,1.8,13,201,0,0.7,0,0,788.4,1404.9,950.9,98,0,0,22.7,85,1,950.9,23.3,20.1,1,192,1.8
2025-11-30T04:15:00+05:30,2025-11-30 04:15:00,19.4,19.4,19.1,0,0,13,187,0,0.7,0,0,788.4,1404.9,950.9,98,0,0,22.7,85,1,950.9,23.3,20.1,1,187,3.5
2025-11-30T04:10:00+05:30,2025-11-30 04:10:00,19.4,19.4,19.1,2.9,3.5,13,219,0,0.7,0,0,788.4,1404.9,950.9,98,0,0,22.7,85,1,950.9,23.3,20.1,1,219,5.5
2025-11-30T04:05:00+05:30,2025-11-30 04:05:00,19.4,19.4,19.1,4,5.5,13,223,0,0.7,0,0,788.4,1404.9,951,98,0,0,22.8,85,1,951,23.3,20.1,1,321,4.7
2025-11-30T04:00:00+05:30,2025-11-30 04:00:00,19.3,19.3,19,4.3,5.5,13,273,0,0.7,0,0,788.4,1404.9,951.1,98,0,0,22.8,85,1,951.1,23.3,20.1,1,175,3.5
2025-11-30T03:55:00+05:30,2025-11-30 03:55:00,19.3,19.3,19,3.5,3.5,13,267,0,0.7,0,0,788.4,1404.9,951,98,0,0,22.9,85,1,951,23.4,20.2,1,184,0
2025-11-30T03:50:00+05:30,2025-11-30 03:50:00,19.3,19.3,19,0,0,13,184,0,0.7,0,0,788.4,1404.9,951.1,98,0,0,22.9,85,1,951.1,23.4,20.2,1,183,0
2025-11-30T03:45:00+05:30,2025-11-30 03:45:00,19.4,19.4,19.1,0.3,1.8,13,189,0,0.7,0,0,788.4,1404.9,951.1,98,0,0,22.9,86,1,951.1,23.5,20.4,1,190,0.6
2025-11-30T03:40:00+05:30,2025-11-30 03:40:00,19.6,19.6,19.1,1.1,1.8,13,180,0,0.7,0,0,788.4,1404.9,950.9,97,0,0,22.8,85,1,950.9,23.3,20.1,1,183,1.1
2025-11-30T03:35:00+05:30,2025-11-30 03:35:00,19.7,19.7,19.2,1.4,1.8,13,192,0,0.7,0,0,788.4,1404.9,950.9,97,0,0,22.8,85,1,950.9,23.3,20.1,1,186,2.1
2025-11-30T03:30:00+05:30,2025-11-30 03:30:00,19.7,19.7,19.1,2.6,3.5,13,202,0,0.7,0,0,788.4,1404.9,950.9,96,0,0,22.8,85,1,950.9,23.3,20.1,1,202,2.9
2025-11-30T03:25:00+05:30,2025-11-30 03:25:00,19.8,19.8,19.1,3.5,3.5,13,225,0,0.7,0,0,788.4,1404.9,950.8,96,0,0,22.8,85,1,950.8,23.3,20.1,1,225,3.5
2025-11-30T03:20:00+05:30,2025-11-30 03:20:00,19.8,19.8,19.1,4,5.5,13,227,0,0.7,0,0,788.4,1404.9,951,96,0,0,22.8,85,1,951,23.3,20.1,1,227,2.9
2025-11-30T03:15:00+05:30,2025-11-30 03:15:00,19.8,19.8,19.1,2.9,3.5,13,232,0,0.7,0,0,788.4,1404.9,951.1,96,0,0,22.9,85,1,951.1,23.4,20.2,1,232,2.9
2025-11-30T03:10:00+05:30,2025-11-30 03:10:00,19.9,19.9,19.2,2.1,3.5,13,205,0,0.7,0,0,788.4,1404.9,950.8,96,0,0,22.9,85,1,950.8,23.4,20.2,1,212,3.5
2025-11-30T03:05:00+05:30,2025-11-30 03:05:00,19.9,19.9,19.2,3.5,3.5,13,214,0,0.7,0,0,788.4,1404.9,950.9,96,0,0,22.9,85,1,950.9,23.4,20.2,1,207,2.9
2025-11-30T03:00:00+05:30,2025-11-30 03:00:00,19.9,19.9,19.2,5.8,7.2,13,291,0,0.7,0,0,788.4,1404.9,951,96,0,0,22.9,85,1,951,23.4,20.2,1,194,2.9
2025-11-30T02:55:00+05:30,2025-11-30 02:55:00,19.8,19.8,19.3,1.4,1.8,13,187,0,0.7,0,0,788.4,1404.9,951,97,0,0,22.9,86,1,951,23.5,20.4,1,196,1.8
2025-11-30T02:50:00+05:30,2025-11-30 02:50:00,19.8,19.8,19.3,1.8,1.8,13,198,0,0.7,0,0,788.4,1404.9,951,97,0,0,22.9,85,1,951,23.4,20.2,1,198,2.1
2025-11-30T02:45:00+05:30,2025-11-30 02:45:00,19.9,19.9,19.4,2.1,3.5,13,204,0,0.7,0,0,788.4,1404.9,951.2,97,0,0,22.9,86,1,951.2,23.5,20.4,1,195,1.8
2025-11-30T02:40:00+05:30,2025-11-30 02:40:00,20,20,19.3,1.4,1.8,13,188,0,0.7,0,0,788.4,1404.9,951,96,0,0,22.9,85,1,951,23.4,20.2,1,195,2.1
2025-11-30T02:35:00+05:30,2025-11-30 02:35:00,20,20,19.3,1.1,1.8,13,200,0,0.7,0,0,788.4,1404.9,951,96,0,0,22.9,85,1,951,23.4,20.2,1,191,2.9
2025-11-30T02:30:00+05:30,2025-11-30 02:30:00,20.1,20.7,19.5,1.8,1.8,13,198,0,0.7,0,0,788.4,1404.9,951,96,0,0,22.9,85,1,951,23.4,20.2,1,195,2.9
2025-11-30T02:25:00+05:30,2025-11-30 02:25:00,20.1,20.7,19.5,5,5.5,13,328,0,0.7,0,0,788.4,1404.9,950.9,96,0,0,22.9,85,1,950.9,23.4,20.2,1,195,5.5
2025-11-30T02:20:00+05:30,2025-11-30 02:20:00,20.2,20.8,19.4,5.5,5.5,13,259,0,0.7,0,0,788.4,1404.9,951,95,0,0,22.9,85,1,951,23.4,20.2,1,256,6.4
2025-11-30T02:15:00+05:30,2025-11-30 02:15:00,20.2,20.8,19.4,6.4,9.3,13,294,0,0.7,0,0,788.4,1404.9,951.3,95,0,0,22.9,85,1,951.3,23.4,20.2,1,290,6.4
2025-11-30T02:10:00+05:30,2025-11-30 02:10:00,20.1,20.7,19.5,6.4,9.3,13,254,0,0.7,0,0,788.4,1404.9,951.4,96,0,0,23,85,1,951.4,23.6,20.3,1,254,3.5
2025-11-30T02:05:00+05:30,2025-11-30 02:05:00,20.1,20.7,19.6,4.7,5.5,13,237,0,0.7,0,0,788.4,1404.9,951.5,97,0,0,23,85,1,951.5,23.6,20.3,1,199,4
2025-11-30T02:00:00+05:30,2025-11-30 02:00:00,20.2,20.8,19.6,3.5,3.5,13,191,0,0.7,0,0,788.4,1404.9,951.5,96,0,0,23,85,1,951.5,23.6,20.3,1,182,3.5
2025-11-30T01:55:00+05:30,2025-11-30 01:55:00,20.2,20.8,19.6,3.5,3.5,13,208,0,0.7,0,0,788.4,1404.9,951.6,96,0,0,23,86,1,951.6,23.6,20.5,1,190,3.5
2025-11-30T01:50:00+05:30,2025-11-30 01:50:00,20.4,21,19.7,3.5,5.5,13,259,0,0.7,0,0,788.4,1404.9,951.8,96,0,0,23,85,1,951.8,23.6,20.3,1,203,5
2025-11-30T01:45:00+05:30,2025-11-30 01:45:00,20.5,21.1,19.7,4.3,5.5,13,249,0,0.7,0,0,788.4,1404.9,951.7,95,0,0,23.1,86,1,951.7,23.7,20.6,1,249,5.5
2025-11-30T01:40:00+05:30,2025-11-30 01:40:00,20.5,21.1,19.5,2.6,3.5,13,183,0,0.7,0,0,788.4,1404.9,951.6,94,0,0,23.1,86,1,951.6,23.7,20.6,1,252,5.5
2025-11-30T01:35:00+05:30,2025-11-30 01:35:00,20.5,21.1,19.7,5.5,7.2,13,247,0,0.7,0,0,788.4,1404.9,951.6,95,0,0,23,86,1,951.6,23.6,20.5,1,252,5.5
2025-11-30T01:30:00+05:30,2025-11-30 01:30:00,20.5,21.1,19.7,7.6,9.3,11.1,275,0,0.7,0,0,788.4,1404.9,951.8,95,0,0,23,86,1,951.8,23.6,20.5,1,280,6.1
2025-11-30T01:25:00+05:30,2025-11-30 01:25:00,20.4,21,19.6,7.2,9.3,11.1,241,0,0.7,0,0,788.4,1404.9,951.8,95,0,0,23,86,1,951.8,23.6,20.5,1,280,6.1
2025-11-30T01:20:00+05:30,2025-11-30 01:20:00,20.5,21.1,19.8,3.2,3.5,11.1,224,0,0.7,0,0,788.4,1404.9,951.8,96,0,0,23,85,1,951.8,23.6,20.3,1,256,5.5
2025-11-30T01:15:00+05:30,2025-11-30 01:15:00,20.5,21.1,19.8,7.6,9.3,11.1,288,0,0.7,0,0,788.4,1404.9,951.9,96,0,0,23.1,85,1,951.9,23.7,20.4,1,205,5
2025-11-30T01:10:00+05:30,2025-11-30 01:10:00,20.7,21.3,19.9,4.7,5.5,11.1,263,0,0.7,0,0,788.4,1404.9,951.9,95,0,0,23.1,85,1,951.9,23.7,20.4,1,223,4.3
2025-11-30T01:05:00+05:30,2025-11-30 01:05:00,20.7,21.3,19.7,6.4,7.2,11.1,296,0,0.7,0,0,788.4,1404.9,952,94,0,0,23.2,86,1,952,23.8,20.7,1,223,4
2025-11-30T01:00:00+05:30,2025-11-30 01:00:00,20.9,21.5,19.7,3.5,3.5,11.1,238,0,0.7,0,0,788.4,1404.9,952,93,0,0,23.2,86,1,952,23.8,20.7,1,209,3.5
2025-11-30T00:55:00+05:30,2025-11-30 00:55:00,20.7,21.3,19.7,2.9,3.5,11.1,212,0,0.7,0,0,788.4,1404.9,951.8,94,0,0,23.2,86,1,951.8,23.8,20.7,1,215,3.5
2025-11-30T00:50:00+05:30,2025-11-30 00:50:00,20.9,21.5,19.7,4.7,5.5,11.1,270,0,0.7,0,0,788.4,1404.9,951.9,93,0,0,23.2,86,1,951.9,23.8,20.7,1,212,3.5
2025-11-30T00:45:00+05:30,2025-11-30 00:45:00,20.9,21.4,19.5,6.4,7.2,11.1,256,0,0.7,0,0,788.4,1404.9,952,92,0,0,23.2,86,1,952,23.8,20.7,1,209,3.5
2025-11-30T00:40:00+05:30,2025-11-30 00:40:00,20.8,21.3,19.6,2.1,3.5,11.1,201,0,0.7,0,0,788.4,1404.9,952,93,0,0,23.2,86,1,952,23.8,20.7,1,201,3.2
2025-11-30T00:35:00+05:30,2025-11-30 00:35:00,20.8,21.4,19.8,5.5,7.2,11.1,242,0,0.7,0,0,788.4,1404.9,952.2,94,0,0,23.2,86,1,952.2,23.8,20.7,1,196,2.6
2025-11-30T00:30:00+05:30,2025-11-30 00:30:00,20.7,21.3,19.9,1.1,1.8,11.1,196,0,0.7,0,0,788.4,1404.9,952,95,0,0,23.2,86,1,952,23.8,20.7,1,196,1.8
2025-11-30T00:25:00+05:30,2025-11-30 00:25:00,20.8,21.4,19.8,2.9,3.5,11.1,180,0,0.7,0,0,788.4,1404.9,952.1,94,0,0,23.2,86,1,952.1,23.8,20.7,1,193,3.5
2025-11-30T00:20:00+05:30,2025-11-30 00:20:00,20.9,21.5,19.7,0,0,11.1,186,0,0.7,0,0,788.4,1404.9,952.2,93,0,0,23.1,86,1,952.2,23.7,20.6,1,186,4
2025-11-30T00:15:00+05:30,2025-11-30 00:15:00,20.7,21.3,19.7,0,0,7.2,193,0,0.7,0,0,788.4,1404.9,952.1,94,0,0,23.1,86,1,952.1,23.7,20.6,1,200,2.9
2025-11-30T00:10:00+05:30,2025-11-30 00:10:00,20.6,21.2,19.8,1.4,1.8,7.2,200,0,0.7,0,0,788.4,1404.9,952.4,95,0,0,23.1,86,1,952.4,23.7,20.6,1,205,2.6
2025-11-30T00:05:00+05:30,2025-11-30 00:05:00,20.5,21.1,19.7,2.1,3.5,5.5,201,0,0.7,0,0,788.4,1404.9,952.4,95,0,0,23.1,86,1,952.4,23.7,20.6,1,194,2.1
2025-11-30T00:00:00+05:30,2025-11-30 00:00:00,20.4,21,19.7,1.4,1.8,1.8,191,0,0.7,0,0,788.4,1404.9,952.2,96,0,0,23.2,86,1,952.2,23.8,20.7,1,195,1.8
2025-11-29T23:55:00+05:30,2025-11-29 23:55:00,20.5,21.1,19.8,0.3,1.8,16.6,195,0,0.7,36.4,633.4,788.4,1404.9,952.5,96,0,0,23.1,86,1,952.5,23.7,20.6,1,198,3.5
2025-11-29T23:50:00+05:30,2025-11-29 23:50:00,20.4,21,19.9,3.5,3.5,16.6,198,0,0.7,36.4,633.4,788.4,1404.9,952.5,97,0,0,23.1,86,1,952.5,23.7,20.6,1,198,3.5
2025-11-29T23:45:00+05:30,2025-11-29 23:45:00,20.3,20.9,19.8,4.7,5.5,16.6,225,0,0.7,36.4,633.4,788.4,1404.9,952.4,97,0,0,23.1,86,1,952.4,23.7,20.6,1,200,4
2025-11-29T23:40:00+05:30,2025-11-29 23:40:00,20.3,20.9,20,1.4,1.8,16.6,187,0,0.7,36.4,633.4,788.4,1404.9,952.5,98,0,0,23.1,86,1,952.5,23.7,20.6,1,194,4
2025-11-29T23:35:00+05:30,2025-11-29 23:35:00,20.2,20.9,19.9,2.1,3.5,16.6,227,0,0.7,36.4,633.4,788.4,1404.9,952.5,98,0,0,23.1,86,1,952.5,23.7,20.6,1,193,4
2025-11-29T23:30:00+05:30,2025-11-29 23:30:00,20.2,20.9,20.1,5.5,5.5,16.6,248,0,0.7,36.4,633.4,788.4,1404.9,952.4,99,0,0,23.1,86,1,952.4,23.7,20.6,1,190,3.2
2025-11-29T23:25:00+05:30,2025-11-29 23:25:00,20.2,20.9,20.1,2.6,3.5,16.6,194,0,0.7,36.4,633.4,788.4,1404.9,952.5,99,0,0,23.1,86,1,952.5,23.7,20.6,1,194,2.9
2025-11-29T23:20:00+05:30,2025-11-29 23:20:00,20.2,20.9,20.1,1.1,1.8,16.6,190,0,0.7,36.4,633.4,788.4,1404.9,952.3,99,0,0,23,86,1,952.3,23.6,20.5,1,190,2.1
2025-11-29T23:15:00+05:30,2025-11-29 23:15:00,20.2,20.9,20.1,3.5,3.5,16.6,195,0,0.7,36.4,633.4,788.4,1404.9,952.4,99,0,0,23,86,1,952.4,23.6,20.5,1,193,2.9
2025-11-29T23:10:00+05:30,2025-11-29 23:10:00,20.2,20.9,20.1,1.8,1.8,16.6,193,0,0.7,36.4,633.4,788.4,1404.9,952.4,99,0,0,23,86,1,952.4,23.6,20.5,1,193,2.9
2025-11-29T23:05:00+05:30,2025-11-29 23:05:00,20.1,20.8,19.9,2.6,3.5,16.6,187,0,0.7,36.4,633.4,788.4,1404.9,952.4,99,0,0,23,87,1,952.4,23.6,20.7,1,196,3.2
2025-11-29T23:00:00+05:30,2025-11-29 23:00:00,20.1,20.8,19.9,1.4,1.8,16.6,187,0,0.7,36.4,633.4,788.4,1404.9,952.4,99,0,0,22.9,87,1,952.4,23.5,20.6,1,187,1.4
2025-11-29T22:55:00+05:30,2025-11-29 22:55:00,20.1,20.8,19.9,1.4,3.5,16.6,230,0,0.7,36.4,633.4,788.4,1404.9,952.5,99,0,0,22.9,87,1,952.5,23.5,20.6,1,187,1.8
2025-11-29T22:50:00+05:30,2025-11-29 22:50:00,20.2,20.9,20.1,0.3,1.8,16.6,183,0,0.7,36.4,633.4,788.4,1404.9,952.5,99,0,0,22.9,86,1,952.5,23.5,20.4,1,213,4
2025-11-29T22:45:00+05:30,2025-11-29 22:45:00,20.2,20.9,20.1,4.7,5.5,16.6,301,0,0.7,36.4,633.4,788.4,1404.9,952.6,99,0,0,22.9,86,1,952.6,23.5,20.4,1,187,4.3
2025-11-29T22:40:00+05:30,2025-11-29 22:40:00,20.2,20.9,20.1,6.9,9.3,16.6,345,0,0.7,36.4,633.4,788.4,1404.9,952.5,99,0,0,22.9,86,1,952.5,23.5,20.4,1,345,4
2025-11-29T22:35:00+05:30,2025-11-29 22:35:00,20.2,20.9,20.1,3.5,3.5,16.6,266,0,0.7,36.4,633.4,788.4,1404.9,952.8,99,0,0,22.9,86,1,952.8,23.5,20.4,1,353,5.5
2025-11-29T22:30:00+05:30,2025-11-29 22:30:00,20.2,20.9,20.1,3.2,3.5,16.6,234,0,0.7,36.4,633.4,788.4,1404.9,952.7,99,0,0,22.9,86,1,952.7,23.5,20.4,1,329,4.7
2025-11-29T22:25:00+05:30,2025-11-29 22:25:00,20.2,20.9,20.1,6.9,7.2,16.6,32,0,0.7,36.4,633.4,788.4,1404.9,952.8,99,0,0,23,86,1,952.8,23.6,20.5,1,244,4.7
2025-11-29T22:20:00+05:30,2025-11-29 22:20:00,20.2,20.9,20.1,5.8,7.2,16.6,263,0,0.7,36.4,633.4,788.4,1404.9,952.6,99,0,0,23,86,1,952.6,23.6,20.5,1,269,4.3
2025-11-29T22:15:00+05:30,2025-11-29 22:15:00,20.2,20.9,20.1,4.3,5.5,16.6,269,0,0.7,36.4,633.4,788.4,1404.9,952.5,99,0,0,23,86,1,952.5,23.6,20.5,1,269,4
2025-11-29T22:10:00+05:30,2025-11-29 22:10:00,20.2,20.9,20.1,2.9,3.5,16.6,254,0,0.7,36.4,633.4,788.4,1404.9,952.8,99,0,0,23,86,1,952.8,23.6,20.5,1,209,4
2025-11-29T22:05:00+05:30,2025-11-29 22:05:00,20.2,20.9,20.1,4.3,5.5,16.6,193,0,0.7,36.4,633.4,788.4,1404.9,952.7,99,0,0,23,86,1,952.7,23.6,20.5,1,296,5.5
2025-11-29T22:00:00+05:30,2025-11-29 22:00:00,20.2,20.9,20.1,7.9,9.3,16.6,337,0,0.7,36.4,633.4,788.4,1404.9,952.4,99,0,0,23,86,1,952.4,23.6,20.5,1,288,6.1
2025-11-29T21:55:00+05:30,2025-11-29 21:55:00,20.3,20.9,20.1,8.2,9.3,16.6,1,0,0.7,36.4,633.4,788.4,1404.9,952.7,99,0,0,23.1,86,1,952.7,23.7,20.6,1,254,5.5
2025-11-29T21:50:00+05:30,2025-11-29 21:50:00,20.3,20.9,20.1,7.6,9.3,16.6,253,0,0.7,36.4,633.4,788.4,1404.9,952.6,99,0,0,23.1,86,1,952.6,23.7,20.6,1,254,3.5
2025-11-29T21:45:00+05:30,2025-11-29 21:45:00,20.3,20.9,20.1,3.5,5.5,16.6,268,0,0.7,36.4,633.4,788.4,1404.9,952.6,99,0,0,23.2,86,1,952.6,23.8,20.7,1,210,3.2
2025-11-29T21:40:00+05:30,2025-11-29 21:40:00,20.2,20.9,20.1,6.1,9.3,16.6,181,0,0.7,36.4,633.4,788.4,1404.9,952.6,99,0,0,23.2,86,1,952.6,23.8,20.7,1,204,4.7
2025-11-29T21:35:00+05:30,2025-11-29 21:35:00,20.2,20.9,20.1,5.8,9.3,16.6,180,0,0.7,36.4,633.4,788.4,1404.9,952.4,99,0,0,23.2,86,1,952.4,23.8,20.7,1,195,3.5
2025-11-29T21:30:00+05:30,2025-11-29 21:30:00,20.2,20.9,20.1,3.5,5.5,16.6,196,0,0.7,36.4,633.4,788.4,1404.9,952.5,99,0,0,23.1,86,1,952.5,23.7,20.6,1,196,4
2025-11-29T21:25:00+05:30,2025-11-29 21:25:00,20.2,20.9,20.1,3.5,3.5,16.6,193,0,0.7,36.4,633.4,788.4,1404.9,952.7,99,0,0,23.2,87,1,952.7,23.9,20.9,1,199,4.3
2025-11-29T21:20:00+05:30,2025-11-29 21:20:00,20.2,20.9,20.1,6.1,9.3,16.6,213,0,0.7,36.4,633.4,788.4,1404.9,952.4,99,0,0,23.1,87,1,952.4,23.7,20.8,1,206,4
2025-11-29T21:15:00+05:30,2025-11-29 21:15:00,20.2,20.9,20.1,4,5.5,16.6,202,0,0.7,36.4,633.4,788.4,1404.9,952.8,99,0,0,23.1,87,1,952.8,23.7,20.8,1,190,1.4
2025-11-29T21:10:00+05:30,2025-11-29 21:10:00,20.2,20.9,20.1,0,0,16.6,188,0,0.7,36.4,633.4,788.4,1404.9,952.6,99,0,0,23.1,87,1,952.6,23.7,20.8,1,189,1.4
2025-11-29T21:05:00+05:30,2025-11-29 21:05:00,20.2,20.9,20.1,2.1,3.5,16.6,193,0,0.7,36.4,633.4,788.4,1404.9,952.7,99,0,0,23.1,87,1,952.7,23.7,20.8,1,193,2.1
2025-11-29T21:00:00+05:30,2025-11-29 21:00:00,20.2,20.9,20.1,4.7,5.5,16.6,219,0,0.7,36.4,633.4,788.4,1404.9,952.9,99,0,0,23.1,87,1,952.9,23.7,20.8,1,185,3.5
2025-11-29T20:55:00+05:30,2025-11-29 20:55:00,20.2,20.9,20.1,5.5,7.2,16.6,276,0,0.7,36.4,633.4,788.4,1404.9,952.8,99,0,0,23.1,87,1,952.8,23.7,20.8,1,196,3.2
2025-11-29T20:50:00+05:30,2025-11-29 20:50:00,20.3,20.9,20.1,0,0,16.6,189,0,0.7,36.4,633.4,788.4,1404.9,952.8,99,0,0,23.1,87,1,952.8,23.7,20.8,1,196,2.9
2025-11-29T20:45:00+05:30,2025-11-29 20:45:00,20.3,20.9,20.1,2.6,3.5,16.6,185,0,0.7,36.4,633.4,788.4,1404.9,952.7,99,0,0,23,87,1,952.7,23.6,20.7,1,194,3.5
2025-11-29T20:40:00+05:30,2025-11-29 20:40:00,20.3,20.9,20.1,7.2,9.3,16.6,187,0,0.7,36.4,633.4,788.4,1404.9,952.4,99,0,0,23,87,1,952.4,23.6,20.7,1,194,4.7
2025-11-29T20:35:00+05:30,2025-11-29 20:35:00,20.3,20.9,20.1,9.3,11.1,16.6,302,1.2,0.7,36.4,633.4,788.4,1404.9,952.5,99,0,0,23.1,87,1,952.5,23.7,20.8,1,302,6.1
2025-11-29T20:30:00+05:30,2025-11-29 20:30:00,20.3,20.9,20.1,2.9,3.5,16.6,217,1.2,0.7,36.4,633.4,788.4,1404.9,952.5,99,0,0,23,87,1,952.5,23.6,20.7,1,297,6.1
2025-11-29T20:25:00+05:30,2025-11-29 20:25:00,20.4,21.1,20.2,6.1,7.2,16.6,300,0,0.5,36.2,633.2,788.2,1404.7,952.8,99,0,0,23,87,1,952.8,23.6,20.7,1,228,7.6
2025-11-29T20:20:00+05:30,2025-11-29 20:20:00,20.4,21.1,20.2,6.4,9.3,16.6,248,1.8,0.5,36.2,633.2,788.2,1404.7,952.6,99,0,0,23,87,1,952.6,23.6,20.7,1,197,6.4
2025-11-29T20:15:00+05:30,2025-11-29 20:15:00,20.4,21.1,20.2,7.2,7.2,16.6,251,1.8,0.5,36.2,633.2,788.2,1404.7,952.6,99,0,0,23.1,87,1,952.6,23.7,20.8,1,199,5.5
2025-11-29T20:10:00+05:30,2025-11-29 20:10:00,20.4,21.1,20.2,6.4,7.2,16.6,304,0,0.2,35.9,632.9,787.9,1404.4,952.7,99,0,0,23.1,87,1,952.7,23.7,20.8,1,221,4.3
2025-11-29T20:05:00+05:30,2025-11-29 20:05:00,20.4,21.1,20.2,4,5.5,16.6,203,1.2,0.2,35.9,632.9,787.9,1404.4,952.5,99,0,0,23.1,87,1,952.5,23.7,20.8,1,193,3.2
2025-11-29T20:00:00+05:30,2025-11-29 20:00:00,20.4,21.1,20.2,3.2,3.5,16.6,204,1.2,0.2,35.9,632.9,787.9,1404.4,952.7,99,0,0,23.1,87,1,952.7,23.7,20.8,1,204,4.3
2025-11-29T19:55:00+05:30,2025-11-29 19:55:00,20.4,21.1,20.2,2.1,3.5,16.6,212,0,0.8,35.7,632.7,787.7,1404.2,952.4,99,0,0,23,87,1,952.4,23.6,20.7,1,206,4.3
2025-11-29T19:50:00+05:30,2025-11-29 19:50:00,20.4,21.1,20.2,9.7,11.1,16.6,249,0,0.8,35.7,632.7,787.7,1404.2,952.4,99,0,0,23,87,1,952.4,23.6,20.7,1,209,6.1
2025-11-29T19:45:00+05:30,2025-11-29 19:45:00,20.4,21.1,20.2,6.4,9.3,16.6,244,0,0.8,35.7,632.7,787.7,1404.2,952.3,99,0,0,23,87,1,952.3,23.6,20.7,1,196,4
2025-11-29T19:40:00+05:30,2025-11-29 19:40:00,20.4,21.1,20.2,2.1,3.5,16.6,201,0,0.8,35.7,632.7,787.7,1404.2,952.1,99,0,0,23,87,1,952.1,23.6,20.7,1,201,2.9
2025-11-29T19:35:00+05:30,2025-11-29 19:35:00,20.4,21.1,20.2,8.7,11.1,16.6,237,0,0.8,35.7,632.7,787.7,1404.2,952.3,99,0,0,22.9,87,1,952.3,23.5,20.6,1,194,4.7
2025-11-29T19:30:00+05:30,2025-11-29 19:30:00,20.4,21.1,20.2,11.9,16.6,16.6,224,0,0.8,35.7,632.7,787.7,1404.2,952.1,99,0,0,22.9,87,1,952.1,23.5,20.6,1,196,4
2025-11-29T19:25:00+05:30,2025-11-29 19:25:00,20.4,21.1,20.2,2.1,3.5,14.8,211,0,0.8,35.7,632.7,787.7,1404.2,952.1,99,0,0,22.9,87,1,952.1,23.5,20.6,1,193,2.6
2025-11-29T19:20:00+05:30,2025-11-29 19:20:00,20.4,21.1,20.2,4.7,5.5,14.8,200,0,0.8,35.7,632.7,787.7,1404.2,952,99,0,0,22.8,87,1,952,23.4,20.5,1,189,3.5
2025-11-29T19:15:00+05:30,2025-11-29 19:15:00,20.4,21.1,20.2,3.5,3.5,14.8,184,0,0.8,35.7,632.7,787.7,1404.2,951.9,99,0,0,22.8,87,1,951.9,23.4,20.5,1,186,3.5
2025-11-29T19:10:00+05:30,2025-11-29 19:10:00,20.4,21.1,20.2,3.5,3.5,14.8,218,0,0.8,35.7,632.7,787.7,1404.2,952,99,0,0,22.8,88,1,952,23.4,20.7,1,215,4
2025-11-29T19:05:00+05:30,2025-11-29 19:05:00,20.4,21.1,20.2,9,11.1,14.8,275,0,0.8,35.7,632.7,787.7,1404.2,951.8,99,0,0,22.7,88,1,951.8,23.3,20.6,1,221,4.7
2025-11-29T19:00:00+05:30,2025-11-29 19:00:00,20.4,21.1,20.2,7.9,9.3,14.8,262,0,0.8,35.7,632.7,787.7,1404.2,952,99,0,0,22.6,88,1,952,23.2,20.5,1,262,6.1
2025-11-29T18:55:00+05:30,2025-11-29 18:55:00,20.4,21.1,20.2,2.9,3.5,14.8,212,0,0.8,35.7,632.7,787.7,1404.2,951.7,99,0,0,22.6,88,1,951.7,23.2,20.5,1,264,6.1
2025-11-29T18:50:00+05:30,2025-11-29 18:50:00,20.4,21.1,20.2,10.5,13,14.8,261,0,0.8,35.7,632.7,787.7,1404.2,951.7,99,0,0,22.5,88,1,951.7,23.1,20.4,1,195,5
2025-11-29T18:45:00+05:30,2025-11-29 18:45:00,20.5,21.2,20.3,4.7,7.2,13,217,0,0.8,35.7,632.7,787.7,1404.2,951.8,99,0,0,22.4,88,1,951.8,23,20.3,1,197,4.7
2025-11-29T18:41:00+05:30,2025-11-29 18:41:00,20.5,21.2,20.3,8.7,13,13,201,0,0.8,35.7,632.7,787.7,1404.2,951.7,99,0,0,22.4,88,1,951.7,23,20.3,1,201,4
2025-11-29T18:25:00+05:30,2025-11-29 18:25:00,20.5,21.2,20.3,2.1,3.5,13,195,1.8,0.8,35.7,632.7,787.7,1404.2,951.3,99,0,0,22,89,1,951.3,22.6,20.1,1,201,5
2025-11-29T18:20:00+05:30,2025-11-29 18:20:00,20.5,21.2,20.3,5.8,7.2,13,210,1.2,0.5,35.4,632.4,787.4,1403.9,951.6,99,0,0,21.8,89,1,951.6,22.3,19.9,1,193,4.3
2025-11-29T18:15:00+05:30,2025-11-29 18:15:00,20.5,21.2,20.3,3.5,5.5,13,189,0,0.3,35.2,632.2,787.2,1403.7,951.5,99,0,0,21.7,89,1,951.5,22.3,19.8,1,191,4.7
2025-11-29T18:10:00+05:30,2025-11-29 18:10:00,20.5,21.2,20.3,2.9,3.5,13,206,1.8,0.3,35.2,632.2,787.2,1403.7,951.5,99,0,0,21.5,89,1,951.5,22.1,19.6,1,260,5.5
2025-11-29T18:05:00+05:30,2025-11-29 18:05:00,20.5,21.2,20.3,3.5,5.5,13,218,1.8,0.3,35.2,632.2,787.2,1403.7,951.4,99,0,0,21.5,89,1,951.4,22.1,19.6,1,197,6.1
2025-11-29T18:00:00+05:30,2025-11-29 18:00:00,20.6,21.3,20.4,5.8,7.2,11.1,214,0,0,34.9,631.9,786.9,1403.4,951.4,99,0,0,21.4,89,1,951.4,21.9,19.5,1,209,6.1
2025-11-29T17:58:00+05:30,2025-11-29 17:58:00,20.6,21.3,20.4,4.7,5.5,7.2,197,0,0,34.9,631.9,786.9,1403.4,951.3,99,0,0,21.4,89,1,951.3,21.9,19.5,1,215,6.1
2025-11-16T07:50:00+05:30,2025-11-16 07:50:00,,,,,,,,0,0,0,0,37.7,654.2,955.6,,,,25.8,76,1,955.6,26.4,21.2,,,
2025-11-16T07:45:00+05:30,2025-11-16 07:45:00,,,,,,,,0,0,0,0,37.7,654.2,955.6,,,,25.8,76,1,955.6,26.4,21.2,,,
2025-11-16T07:40:00+05:30,2025-11-16 07:40:00,,,,,,,,0,0,0,0,37.7,654.2,955.4,,,,25.7,75,1,955.4,26.3,20.9,,,
2025-11-16T07:35:00+05:30,2025-11-16 07:35:00,,,,,,,,0,0,0,0,37.7,654.2,955.3,,,,25.7,75,1,955.3,26.3,20.9,,,
2025-11-16T07:30:00+05:30,2025-11-16 07:30:00,,,,,,,,0,0,0,0,37.7,654.2,955.3,,,,25.7,75,1,955.3,26.3,20.9,,,
2025-11-16T07:25:00+05:30,2025-11-16 07:25:00,,,,,,,,0,0,0,0,37.7,654.2,955.3,,,,25.7,75,1,955.3,26.3,20.9,,,
2025-11-16T07:20:00+05:30,2025-11-16 07:20:00,,,,,,,,0,0,0,0,37.7,654.2,955.4,,,,25.7,75,1,955.4,26.3,20.9,,,
2025-11-16T07:15:00+05:30,2025-11-16 07:15:00,,,,,,,,0,0,0,0,37.7,654.2,955.2,,,,25.7,75,1,955.2,26.3,20.9,,,
2025-11-16T07:10:00+05:30,2025-11-16 07:10:00,,,,,,,,0,0,0,0,37.7,654.2,955.3,,,,25.7,75,1,955.3,26.3,20.9,,,
2025-11-16T07:05:00+05:30,2025-11-16 07:05:00,,,,,,,,0,0,0,0,37.7,654.2,955.2,,,,25.7,75,1,955.2,26.3,20.9,,,
2025-11-16T07:00:00+05:30,2025-11-16 07:00:00,,,,,,,,0,0,0,0,37.7,654.2,955.1,,,,25.7,75,1,955.1,26.3,20.9,,,
2025-11-16T06:55:00+05:30,2025-11-16 06:55:00,,,,,,,,0,0,0,0,37.7,654.2,955,,,,25.6,75,1,955,26.2,20.8,,,
2025-11-16T06:50:00+05:30,2025-11-16 06:50:00,,,,,,,,0,0,0,0,37.7,654.2,955.1,,,,25.6,75,1,955.1,26.2,20.8,,,
2025-11-16T06:45:00+05:30,2025-11-16 06:45:00,,,,,,,,0,0,0,0,37.7,654.2,954.8,,,,25.6,75,1,954.8,26.2,20.8,,,
2025-11-16T06:40:00+05:30,2025-11-16 06:40:00,,,,,,,,0,0,0,0,37.7,654.2,954.6,,,,25.6,75,1,954.6,26.2,20.8,,,
2025-11-16T06:35:00+05:30,2025-11-16 06:35:00,,,,,,,,0,0,0,0,37.7,654.2,954.6,,,,25.6,75,1,954.6,26.2,20.8,,,
2025-11-16T06:30:00+05:30,2025-11-16 06:30:00,,,,,,,,0,0,0,0,37.7,654.2,954.3,,,,25.6,75,1,954.3,26.2,20.8,,,
2025-11-16T06:25:00+05:30,2025-11-16 06:25:00,,,,,,,,0,0,0,0,37.7,654.2,954.4,,,,25.6,75,1,954.4,26.2,20.8,,,
2025-11-16T06:20:00+05:30,2025-11-16 06:20:00,,,,,,,,0,0,0,0,37.7,654.2,954.6,,,,25.6,75,1,954.6,26.2,20.8,,,
2025-11-16T06:15:00+05:30,2025-11-16 06:15:00,,,,,,,,0,0,0,0,37.7,654.2,954.3,,,,25.5,75,1,954.3,26.1,20.7,,,
2025-11-16T06:10:00+05:30,2025-11-16 06:10:00,,,,,,,,0,0,0,0,37.7,654.2,954.4,,,,25.6,75,1,954.4,26.2,20.8,,,
2025-11-16T06:05:00+05:30,2025-11-16 06:05:00,,,,,,,,0,0,0,0,37.7,654.2,954.2,,,,25.6,75,1,954.2,26.2,20.8,,,
2025-11-16T06:00:00+05:30,2025-11-16 06:00:00,,,,,,,,0,0,0,0,37.7,654.2,954.4,,,,25.5,75,1,954.4,26.1,20.7,,,
2025-11-16T05:55:00+05:30,2025-11-16 05:55:00,,,,,,,,0,0,0,0,37.7,654.2,954.2,,,,25.5,75,1,954.2,26.1,20.7,,,
2025-11-16T05:50:00+05:30,2025-11-16 05:50:00,,,,,,,,0,0,0,0,37.7,654.2,954.1,,,,25.5,75,1,954.1,26.1,20.7,,,
2025-11-16T05:45:00+05:30,2025-11-16 05:45:00,,,,,,,,0,0,0,0,37.7,654.2,953.8,,,,25.5,75,1,953.8,26.1,20.7,,,
2025-11-16T05:40:00+05:30,2025-11-16 05:40:00,,,,,,,,0,0,0,0,37.7,654.2,953.9,,,,25.5,75,1,953.9,26.1,20.7,,,
2025-11-16T05:35:00+05:30,2025-11-16 05:35:00,,,,,,,,0,0,0,0,37.7,654.2,953.8,,,,25.5,75,1,953.8,26.1,20.7,,,
2025-11-16T05:30:00+05:30,2025-11-16 05:30:00,,,,,,,,0,0,0,0,37.7,654.2,953.7,,,,25.5,75,1,953.7,26.1,20.7,,,
2025-11-16T05:25:00+05:30,2025-11-16 05:25:00,,,,,,,,0,0,0,0,37.7,654.2,953.4,,,,25.5,75,1,953.4,26.1,20.7,,,
2025-11-16T05:20:00+05:30,2025-11-16 05:20:00,,,,,,,,0,0,0,0,37.7,654.2,953.4,,,,25.6,75,1,953.4,26.2,20.8,,,
2025-11-16T05:15:00+05:30,2025-11-16 05:15:00,,,,,,,,0,0,0,0,37.7,654.2,953.2,,,,25.5,75,1,953.2,26.1,20.7,,,
2025-11-16T05:10:00+05:30,2025-11-16 05:10:00,,,,,,,,0,0,0,0,37.7,654.2,953.2,,,,25.5,75,1,953.2,26.1,20.7,,,
2025-11-16T05:05:00+05:30,2025-11-16 05:05:00,,,,,,,,0,0,0,0,37.7,654.2,953.2,,,,25.6,75,1,953.2,26.2,20.8,,,
2025-11-16T05:00:00+05:30,2025-11-16 05:00:00,,,,,,,,0,0,0,0,37.7,654.2,953,,,,25.6,75,1,953,26.2,20.8,,,
2025-11-16T04:55:00+05:30,2025-11-16 04:55:00,,,,,,,,0,0,0,0,37.7,654.2,953,,,,25.6,75,1,953,26.2,20.8,,,
2025-11-16T04:50:00+05:30,2025-11-16 04:50:00,,,,,,,,0,0,0,0,37.7,654.2,953.1,,,,25.6,75,1,953.1,26.2,20.8,,,
2025-11-16T04:45:00+05:30,2025-11-16 04:45:00,,,,,,,,0,0,0,0,37.7,654.2,953.2,,,,25.5,75,1,953.2,26.1,20.7,,,
2025-11-16T04:40:00+05:30,2025-11-16 04:40:00,,,,,,,,0,0,0,0,37.7,654.2,953.2,,,,25.6,75,1,953.2,26.2,20.8,,,
2025-11-16T04:35:00+05:30,2025-11-16 04:35:00,,,,,,,,0,0,0,0,37.7,654.2,953,,,,25.6,75,1,953,26.2,20.8,,,
2025-11-16T04:30:00+05:30,2025-11-16 04:30:00,,,,,,,,0,0,0,0,37.7,654.2,953.2,,,,25.6,75,1,953.2,26.2,20.8,,,
2025-11-16T04:25:00+05:30,2025-11-16 04:25:00,,,,,,,,0,0,0,0,37.7,654.2,953.1,,,,25.6,75,1,953.1,26.2,20.8,,,
2025-11-16T04:20:00+05:30,2025-11-16 04:20:00,,,,,,,,0,0,0,0,37.7,654.2,952.8,,,,25.6,75,1,952.8,26.2,20.8,,,
2025-11-16T04:15:00+05:30,2025-11-16 04:15:00,,,,,,,,0,0,0,0,37.7,654.2,953,,,,25.6,75,1,953,26.2,20.8,,,
2025-11-16T04:10:00+05:30,2025-11-16 04:10:00,,,,,,,,0,0,0,0,37.7,654.2,952.8,,,,25.6,75,1,952.8,26.2,20.8,,,
2025-11-16T04:05:00+05:30,2025-11-16 04:05:00,,,,,,,,0,0,0,0,37.7,654.2,952.7,,,,25.6,75,1,952.7,26.2,20.8,,,
2025-11-16T04:00:00+05:30,2025-11-16 04:00:00,,,,,,,,0,0,0,0,37.7,654.2,952.9,,,,25.6,75,1,952.9,26.2,20.8,,,
2025-11-16T03:55:00+05:30,2025-11-16 03:55:00,,,,,,,,0,0,0,0,37.7,654.2,952.9,,,,25.6,75,1,952.9,26.2,20.8,,,
2025-11-16T03:50:00+05:30,2025-11-16 03:50:00,,,,,,,,0,0,0,0,37.7,654.2,952.8,,,,25.6,75,1,952.8,26.2,20.8,,,
2025-11-16T03:45:00+05:30,2025-11-16 03:45:00,,,,,,,,0,0,0,0,37.7,654.2,952.9,,,,25.6,75,1,952.9,26.2,20.8,,,
2025-11-16T03:40:00+05:30,2025-11-16 03:40:00,,,,,,,,0,0,0,0,37.7,654.2,952.7,,,,25.6,75,1,952.7,26.2,20.8,,,
2025-11-16T03:35:00+05:30,2025-11-16 03:35:00,,,,,,,,0,0,0,0,37.7,654.2,952.8,,,,25.6,75,1,952.8,26.2,20.8,,,
2025-11-16T03:30:00+05:30,2025-11-16 03:30:00,,,,,,,,0,0,0,0,37.7,654.2,953,,,,25.5,75,1,953,26.1,20.7,,,
2025-11-16T03:25:00+05:30,2025-11-16 03:25:00,,,,,,,,0,0,0,0,37.7,654.2,953.1,,,,25.6,75,1,953.1,26.2,20.8,,,
2025-11-16T03:20:00+05:30,2025-11-16 03:20:00,,,,,,,,0,0,0,0,37.7,654.2,953,,,,25.6,75,1,953,26.2,20.8,,,
2025-11-16T03:15:00+05:30,2025-11-16 03:15:00,,,,,,,,0,0,0,0,37.7,654.2,952.9,,,,25.6,75,1,952.9,26.2,20.8,,,
2025-11-16T03:10:00+05:30,2025-11-16 03:10:00,,,,,,,,0,0,0,0,37.7,654.2,952.9,,,,25.6,75,1,952.9,26.2,20.8,,,
2025-11-16T03:05:00+05:30,2025-11-16 03:05:00,,,,,,,,0,0,0,0,37.7,654.2,953,,,,25.6,75,1,953,26.2,20.8,,,
2025-11-16T03:00:00+05:30,2025-11-16 03:00:00,,,,,,,,0,0,0,0,37.7,654.2,952.8,,,,25.6,75,1,952.8,26.2,20.8,,,
2025-11-16T02:55:00+05:30,2025-11-16 02:55:00,,,,,,,,0,0,0,0,37.7,654.2,953,,,,25.6,75,1,953,26.2,20.8,,,
2025-11-16T02:50:00+05:30,2025-11-16 02:50:00,,,,,,,,0,0,0,0,37.7,654.2,953,,,,25.6,75,1,953,26.2,20.8,,,
2025-11-16T02:45:00+05:30,2025-11-16 02:45:00,,,,,,,,0,0,0,0,37.7,654.2,953,,,,25.6,75,1,953,26.2,20.8,,,
2025-11-16T02:40:00+05:30,2025-11-16 02:40:00,,,,,,,,0,0,0,0,37.7,654.2,953.2,,,,25.6,75,1,953.2,26.2,20.8,,,
2025-11-16T02:35:00+05:30,2025-11-16 02:35:00,,,,,,,,0,0,0,0,37.7,654.2,953,,,,25.6,75,1,953,26.2,20.8,,,
2025-11-16T02:30:00+05:30,2025-11-16 02:30:00,,,,,,,,0,0,0,0,37.7,654.2,953.2,,,,25.6,75,1,953.2,26.2,20.8,,,
2025-11-16T02:25:00+05:30,2025-11-16 02:25:00,,,,,,,,0,0,0,0,37.7,654.2,953,,,,25.6,75,1,953,26.2,20.8,,,
2025-11-16T02:20:00+05:30,2025-11-16 02:20:00,,,,,,,,0,0,0,0,37.7,654.2,953.2,,,,25.6,75,1,953.2,26.2,20.8,,,
2025-11-16T02:15:00+05:30,2025-11-16 02:15:00,,,,,,,,0,0,0,0,37.7,654.2,953.2,,,,25.6,75,1,953.2,26.2,20.8,,,
2025-11-16T02:10:00+05:30,2025-11-16 02:10:00,,,,,,,,0,0,0,0,37.7,654.2,953.4,,,,25.6,75,1,953.4,26.2,20.8,,,
2025-11-16T02:05:00+05:30,2025-11-16 02:05:00,,,,,,,,0,0,0,0,37.7,654.2,953,,,,25.6,75,1,953,26.2,20.8,,,
2025-11-16T02:00:00+05:30,2025-11-16 02:00:00,,,,,,,,0,0,0,0,37.7,654.2,953.1,,,,25.6,75,1,953.1,26.2,20.8,,,
2025-11-16T01:55:00+05:30,2025-11-16 01:55:00,,,,,,,,0,0,0,0,37.7,654.2,953.1,,,,25.6,75,1,953.1,26.2,20.8,,,
2025-11-16T01:50:00+05:30,2025-11-16 01:50:00,,,,,,,,0,0,0,0,37.7,654.2,953.2,,,,25.6,75,1,953.2,26.2,20.8,,,
2025-11-16T01:45:00+05:30,2025-11-16 01:45:00,,,,,,,,0,0,0,0,37.7,654.2,953.4,,,,25.6,75,1,953.4,26.2,20.8,,,
2025-11-16T01:40:00+05:30,2025-11-16 01:40:00,,,,,,,,0,0,0,0,37.7,654.2,953.5,,,,25.7,75,1,953.5,26.3,20.9,,,
2025-11-16T01:35:00+05:30,2025-11-16 01:35:00,,,,,,,,0,0,0,0,37.7,654.2,953.5,,,,25.6,75,1,953.5,26.2,20.8,,,
2025-11-16T01:30:00+05:30,2025-11-16 01:30:00,,,,,,,,0,0,0,0,37.7,654.2,953.5,,,,25.6,75,1,953.5,26.2,20.8,,,
2025-11-16T01:25:00+05:30,2025-11-16 01:25:00,,,,,,,,0,0,0,0,37.7,654.2,953.7,,,,25.6,75,1,953.7,26.2,20.8,,,
2025-11-16T01:20:00+05:30,2025-11-16 01:20:00,,,,,,,,0,0,0,0,37.7,654.2,953.8,,,,25.6,75,1,953.8,26.2,20.8,,,
2025-11-16T01:15:00+05:30,2025-11-16 01:15:00,,,,,,,,0,0,0,0,37.7,654.2,953.6,,,,25.6,75,1,953.6,26.2,20.8,,,
2025-11-16T01:10:00+05:30,2025-11-16 01:10:00,,,,,,,,0,0,0,0,37.7,654.2,953.6,,,,25.6,75,1,953.6,26.2,20.8,,,
2025-11-16T01:05:00+05:30,2025-11-16 01:05:00,,,,,,,,0,0,0,0,37.7,654.2,953.7,,,,25.6,75,1,953.7,26.2,20.8,,,
2025-11-16T01:00:00+05:30,2025-11-16 01:00:00,,,,,,,,0,0,0,0,37.7,654.2,953.6,,,,25.6,75,1,953.6,26.2,20.8,,,
2025-11-16T00:55:00+05:30,2025-11-16 00:55:00,,,,,,,,0,0,0,0,37.7,654.2,953.9,,,,25.6,75,1,953.9,26.2,20.8,,,
2025-11-16T00:50:00+05:30,2025-11-16 00:50:00,,,,,,,,0,0,0,0,37.7,654.2,953.7,,,,25.7,75,1,953.7,26.3,20.9,,,
2025-11-16T00:45:00+05:30,2025-11-16 00:45:00,,,,,,,,0,0,0,0,37.7,654.2,953.9,,,,25.7,75,1,953.9,26.3,20.9,,,
2025-11-16T00:40:00+05:30,2025-11-16 00:40:00,,,,,,,,0,0,0,0,37.7,654.2,953.7,,,,25.7,75,1,953.7,26.3,20.9,,,
2025-11-16T00:35:00+05:30,2025-11-16 00:35:00,,,,,,,,0,0,0,0,37.7,654.2,953.9,,,,25.7,76,1,953.9,26.3,21.2,,,
2025-11-16T00:30:00+05:30,2025-11-16 00:30:00,,,,,,,,0,0,0,0,37.7,654.2,954,,,,25.7,75,1,954,26.3,20.9,,,
2025-11-16T00:25:00+05:30,2025-11-16 00:25:00,,,,,,,,0,0,0,0,37.7,654.2,954.2,,,,25.7,76,1,954.2,26.3,21.2,,,
2025-11-16T00:20:00+05:30,2025-11-16 00:20:00,,,,,,,,0,0,0,0,37.7,654.2,954.1,,,,25.7,76,1,954.1,26.3,21.2,,,
2025-11-16T00:15:00+05:30,2025-11-16 00:15:00,,,,,,,,0,0,0,0,37.7,654.2,954,,,,25.7,75,1,954,26.3,20.9,,,
2025-11-16T00:10:00+05:30,2025-11-16 00:10:00,,,,,,,,0,0,0,0,37.7,654.2,954.1,,,,25.7,75,1,954.1,26.3,20.9,,,
2025-11-16T00:05:00+05:30,2025-11-16 00:05:00,,,,,,,,0,0,0,0,37.7,654.2,954.4,,,,25.7,75,1,954.4,26.3,20.9,,,
2025-11-16T00:00:00+05:30,2025-11-16 00:00:00,,,,,,,,0,0,0,11,37.7,654.2,954.2,,,,25.7,75,1,954.2,26.3,20.9,,,
2025-11-15T23:55:00+05:30,2025-11-15 23:55:00,,,,,,,,0,0,0,11,37.7,654.2,954.4,,,,25.7,75,1,954.4,26.3,20.9,,,
2025-11-15T23:50:00+05:30,2025-11-15 23:50:00,,,,,,,,0,0,0,11,37.7,654.2,954.5,,,,25.7,75,1,954.5,26.3,20.9,,,
2025-11-15T23:45:00+05:30,2025-11-15 23:45:00,,,,,,,,0,0,0,11,37.7,654.2,954.8,,,,25.8,75,1,954.8,26.4,21,,,
2025-11-15T23:40:00+05:30,2025-11-15 23:40:00,,,,,,,,0,0,0,11,37.7,654.2,954.7,,,,25.8,75,1,954.7,26.4,21,,,
2025-11-15T23:35:00+05:30,2025-11-15 23:35:00,,,,,,,,0,0,0,11,37.7,654.2,954.5,,,,25.8,75,1,954.5,26.4,21,,,
2025-11-15T23:30:00+05:30,2025-11-15 23:30:00,,,,,,,,0,0,0,11,37.7,654.2,954.6,,,,25.9,75,1,954.6,26.5,21.1,,,
2025-11-15T23:25:00+05:30,2025-11-15 23:25:00,,,,,,,,0,0,0,11,37.7,654.2,954.6,,,,25.9,75,1,954.6,26.5,21.1,,,
2025-11-15T23:20:00+05:30,2025-11-15 23:20:00,,,,,,,,0,0,0,11,37.7,654.2,954.8,,,,25.9,75,1,954.8,26.5,21.1,,,
2025-11-15T23:15:00+05:30,2025-11-15 23:15:00,,,,,,,,0,0,0,11,37.7,654.2,954.7,,,,25.9,75,1,954.7,26.5,21.1,,,
2025-11-15T23:10:00+05:30,2025-11-15 23:10:00,,,,,,,,0,0,0,11,37.7,654.2,954.5,,,,25.9,75,1,954.5,26.5,21.1,,,
2025-11-15T23:05:00+05:30,2025-11-15 23:05:00,,,,,,,,0,0,0,11,37.7,654.2,954.8,,,,25.9,75,1,954.8,26.5,21.1,,,
2025-11-15T23:00:00+05:30,2025-11-15 23:00:00,,,,,,,,0,0,0,11,37.7,654.2,955.1,,,,25.9,75,1,955.1,26.5,21.1,,,
2025-11-15T22:55:00+05:30,2025-11-15 22:55:00,,,,,,,,0,0,0,11,37.7,654.2,955,,,,26,75,1,955,26.6,21.2,,,
2025-11-15T22:50:00+05:30,2025-11-15 22:50:00,,,,,,,,0,0,0,11,37.7,654.2,955.1,,,,26,75,1,955.1,26.6,21.2,,,
2025-11-15T22:46:00+05:30,2025-11-15 22:46:00,,,,,,,,0,0,0,11,37.7,654.2,955.2,,,,26,75,1,955.2,26.6,21.2,,,
2025-11-15T22:40:00+05:30,2025-11-15 22:40:00,,,,,,,,0,0,0,11,37.7,654.2,955.3,,,,26,75,1,955.3,26.6,21.2,,,
2025-11-15T22:35:00+05:30,2025-11-15 22:35:00,,,,,,,,0,0,0,11,37.7,654.2,955.2,,,,26,75,1,955.2,26.6,21.2,,,
2025-11-15T22:30:00+05:30,2025-11-15 22:30:00,,,,,,,,0,0,0,11,37.7,654.2,955.3,,,,26.1,75,1,955.3,26.7,21.3,,,
2025-11-15T22:25:00+05:30,2025-11-15 22:25:00,,,,,,,,0,0,0,11,37.7,654.2,955.3,,,,26.1,75,1,955.3,26.7,21.3,,,
2025-11-15T22:20:00+05:30,2025-11-15 22:20:00,,,,,,,,0,0,0,11,37.7,654.2,955.3,,,,26.1,75,1,955.3,26.7,21.3,,,
2025-11-15T22:15:00+05:30,2025-11-15 22:15:00,,,,,,,,0,0,0,11,37.7,654.2,955.6,,,,26.1,75,1,955.6,26.7,21.3,,,
2025-11-15T22:11:00+05:30,2025-11-15 22:11:00,,,,,,,,0,0,0,11,37.7,654.2,955.6,,,,26.1,75,1,955.6,26.7,21.3,,,